segundo,estado_sistema,vel_media,vel_min,vel_max,v_diff,car_mean_velocity,truck_mean_velocity,densidad_veh_km,flujo_veh_h,eficiencia_pct,coches_parados,coches_atasco,coches_ajustando,coches_libre,gap_min,gap_medio,gap_max,gap_critico_medio,presion_gaps,max_parados,max_en_atasco,max_v_diff,num_cars,num_trucks,truck_pct
0,LIBRE,21.333847240221225,21.33377096924064,21.336821808464133,0.0030508392234942505,21.333847240221225,0.0,15.917230401910068,1222.4727427743162,85.3353889608849,0,0,0,40,62.82469491607755,62.825,62.82530508392256,23.833847240221225,0.37936883788652964,0,0,0.0030508392234942505,40,0,0.0
0,LIBRE,22.05128719699369,22.050548633789322,22.07864442822294,0.028095794433617982,22.05128719699369,0.0,15.917230401910068,1263.5835083036575,88.20514878797476,0,0,0,40,62.80706873918629,62.825,62.84234721907751,24.55128719699369,0.3907884949780134,0,0,0.028095794433617982,40,0,0.0
2,LIBRE,22.578567665643682,22.577341865010062,22.621644003437446,0.0443021384273834,22.578567665643682,0.0,15.917230401910068,1293.7977492450023,90.31427066257473,0,0,0,40,62.76941074314558,62.825,62.87702122944711,25.078567665643682,0.39918133968394237,0,0,0.0443021384273834,40,0,0.0
3,LIBRE,22.95766170568366,22.956097059967973,23.00984622518276,0.05374916521478568,22.95766170568366,0.0,15.917230401910068,1315.5206070905083,91.83064682273464,0,0,39,1,62.71944571324261,62.825,62.9206144727287,25.45766170568366,0.4052154668632496,0,0,0.05374916521478568,40,0,0.0
4,LIBRE,23.225737218828478,23.223947457799262,23.282479524691656,0.05853206689239343,23.225737218828478,0.0,15.917230401910068,1330.881878038719,92.90294887531391,0,0,39,1,62.66275859001439,62.825,62.967426149466675,25.725737218828478,0.409482486571086,0,0,0.05853206689239343,40,0,0.0
4,LIBRE,23.413023837307044,23.411090079326957,23.471437192961012,0.060347113634055205,23.413023837307044,0.0,15.917230401910068,1341.6137813657838,93.65209534922818,0,0,39,1,62.60304035678627,62.825,63.01412148284731,25.913023837307048,0.412463570828604,0,0,0.060347113634055205,40,0,0.0
5,LIBRE,23.54273995244407,23.54071705780524,23.601118908732598,0.06040185092735939,23.54273995244407,0.0,15.917230401910068,1349.0467780151,94.17095980977628,0,0,40,0,62.54255592779282,62.825,63.05896474048252,26.042739952444073,0.41452829212008074,0,0,0.06040185092735939,40,0,0.0
6,LIBRE,23.6320360843508,23.62995965470137,23.689443817849483,0.05948416314811311,23.6320360843508,0.0,15.917230401910068,1354.1636275951116,94.5281443374032,0,0,40,0,62.482602222030295,62.825,63.10118817960256,26.1320360843508,0.4159496392256395,0,0,0.06040185092735939,40,0,0.0
7,LIBRE,23.693246893343932,23.691139253697997,23.7492146723439,0.05807541864590249,23.693246893343932,0.0,15.917230401910068,1357.6711311745032,94.77298757337573,0,0,40,0,62.423866233191134,62.825,63.14055714929938,26.193246893343932,0.41692394577547043,0,0,0.06040185092735939,40,0,0.0
8,LIBRE,23.735083002773354,23.732957722082222,23.789411367518355,0.056453645436132405,23.735083002773354,0.0,15.917230401910068,1360.0684251489706,94.94033201109342,0,0,40,0,62.36667292351922,62.825,63.177102523771765,26.235083002773354,0.41758986076837806,0,0,0.06040185092735939,40,0,0.0
9,LIBRE,23.763619572962604,23.761484640188016,23.816255232452725,0.054770592264709705,23.763619572962604,0.0,15.917230401910068,1361.7036285342679,95.05447829185042,0,0,40,0,62.311143920233775,62.825,63.21096983644429,26.263619572962607,0.4180440839309607,0,0,0.06040185092735939,40,0,0.0
10,LIBRE,23.45404286238024,11.761484640188034,23.787489982602704,12.02600534241467,23.45404286238024,0.0,15.917230401910068,1343.9642547484102,93.81617144952097,0,0,39,1,56.05911398627171,62.825,69.436303011728,25.95404286238024,0.41311648010155577,0,0,12.02600534241467,40,0,0.0
11,LIBRE,23.065982729186963,0,23.795789501702597,23.795789501702597,23.065982729186963,0.0,15.917230401910068,1321.7276215690104,92.26393091674785,1,0,39,0,40.48341093758606,62.825,88.03957802807128,25.565982729186963,0.4069396375517224,1,0,23.795789501702597,40,0,0.0
12,LIBRE,22.934164252593618,0,23.803533673961702,23.803533673961702,22.934164252593618,0.0,15.917230401910068,1314.1741553416161,91.73665701037447,1,0,39,0,24.142353854087673,62.825,111.83895459075706,25.434164252593618,0.40484145248855735,1,0,23.803533673961702,40,0,0.0
13,ATASCO,22.771490108973204,0,23.80934970351831,23.80934970351831,22.771490108973204,0.0,15.917230401910068,1304.8525967736339,91.08596043589282,1,1,38,0,12.301296770589289,62.825,135.64565137794608,25.271490108973204,0.40225213066411786,1,1,23.80934970351831,40,0,0.0
14,ATASCO,22.565358990396795,0,23.813434002894276,23.813434002894276,22.565358990396795,0.0,15.917230401910068,1293.0408653470508,90.26143596158718,1,1,38,0,4.960239687090905,62.825,159.45732397033504,25.065358990396795,0.3989710941567337,1,1,23.813434002894276,40,0,0.0
15,ATASCO,22.393082032049534,1.7136556828162177,23.816240731315652,22.102585048499435,22.393082032049534,0.0,15.917230401910068,1283.1690460068178,89.57232812819814,0,2,37,1,3.316972837480506,62.825,181.89769755683233,24.893082032049534,0.39622892211778005,1,2,23.813434002894276,40,0,0.0
16,ATASCO,22.29268702031425,2.3205951971746157,23.818155292143054,21.49756009496844,22.29268702031425,0.0,15.917230401910068,1277.416208088043,89.170748081257,0,2,37,1,5.308463647446558,62.825,201.8413583383894,24.79268702031425,0.3946309115847871,1,2,23.813434002894276,40,0,0.0
17,ATASCO,22.231578266972527,4.033661328680376,23.819457814552532,19.785796485872154,22.231578266972527,0.0,15.917230401910068,1273.9145525045938,88.9263130678901,0,2,37,1,8.397128272561304,62.825,219.29195714947525,24.731578266972527,0.3936582294782734,1,2,23.813434002894276,40,0,0.0
19,ATASCO,22.206239781518462,5.4915154273785065,23.82034308110572,18.328827653727213,22.206239781518462,0.0,15.917230401910068,1272.4626058649658,88.82495912607385,0,3,36,1,7.944403253044072,62.825,234.2662317606115,24.706239781518462,0.3932549109672656,1,3,23.813434002894276,40,0,0.0
20,ATASCO,22.212546473196902,6.218144423960784,23.820944532014884,17.6028001080541,22.212546473196902,0.0,15.917230401910068,1272.823992097236,88.85018589278761,0,2,37,1,9.4201075807959,62.825,246.8078705646766,24.712546473196902,0.39335529603178515,1,3,23.813434002894276,40,0,0.0
21,ATASCO,22.246283927919624,7.64150208758166,23.821353097832684,16.179851010251024,22.246283927919624,0.0,15.917230401910068,1274.75721672122,88.9851357116785,0,3,36,1,11.708384577483855,62.825,257.0042013242935,24.746283927919624,0.39389230287178073,1,3,23.813434002894276,40,0,0.0
22,ATASCO,22.303865912952237,8.74417356691263,23.82163061952922,15.07745705261659,22.303865912952237,0.0,15.917230401910068,1278.0567813231683,89.21546365180895,0,3,36,1,11.6172843197171,62.825,265.0008762037812,24.803865912952237,0.3948088485945441,1,3,23.813434002894276,40,0,0.0
23,ATASCO,22.380502400071364,9.52594491150199,23.821819123092265,14.295874211590275,22.380502400071364,0.0,15.917230401910068,1282.4482075647738,89.52200960028546,0,3,36,1,12.945953972183531,62.825,271.00782815170805,24.880502400071364,0.3960286892172123,1,3,23.813434002894276,40,0,0.0
24,ATASCO,22.47047451714719,10.805143062594727,23.821947160232472,13.016804097637745,22.47047451714719,0.0,15.917230401910068,1287.6037924668506,89.88189806858875,0,3,36,1,15.119132821847472,62.825,275.29157780663235,24.97047451714719,0.39746079613445584,1,3,23.813434002894276,40,0,0.0
25,ATASCO,22.568175995970314,11.81228173501914,23.822034126111085,12.009752391091945,22.568175995970314,0.0,15.917230401910068,1293.2022854833767,90.27270398388126,0,4,35,1,15.379946500039637,62.825,278.151966603124,25.068175995970314,0.39901593308349087,1,4,23.813434002894276,40,0,0.0
26,ATASCO,22.6684181975134,12.513244795275114,23.82209319512333,11.308848399848216,22.6684181975134,0.0,15.917230401910068,1298.9463670680184,90.6736727900536,0,4,35,1,16.43340247277888,62.825,279.89030582628726,25.1684181975134,0.40061151130144684,1,4,23.813434002894276,40,0,0.0
27,ATASCO,22.76686069331722,13.563566137152215,23.82213331588687,10.258567178734655,22.76686069331722,0.0,15.917230401910068,1304.5873218613926,91.06744277326888,0,4,35,1,18.164741955965212,62.825,280.7808176479298,25.26686069331722,0.4021784431884953,1,4,23.813434002894276,40,0,0.0
28,ATASCO,22.860253385369212,14.70816273198975,23.82216056659489,9.113997834605138,22.860253385369212,0.0,15.917230401910068,1309.9389126514789,91.44101354147685,0,3,36,1,19.628182421918154,62.825,281.0531713883746,25.360253385369212,0.40366499618574153,1,4,23.813434002894276,40,0,0.0
29,ATASCO,22.946408505852656,15.172288325292056,24.143623144952837,8.97133481966078,22.946408505852656,0.0,15.917230401910068,1314.8757759024204,91.78563402341062,0,4,35,1,20.14175818993772,62.825,280.88739100720846,25.446408505852656,0.40503634708878083,1,4,23.813434002894276,40,0,0.0
30,ATASCO,23.02408354777439,15.878981120430616,24.398712455451555,8.51973133502094,23.02408354777439,0.0,15.917230401910068,1319.3267134419068,92.09633419109755,0,4,35,1,21.237793335489414,62.825,280.41764207510033,25.52408354777439,0.40627271862752706,1,4,23.813434002894276,40,0,0.0
31,ATASCO,23.09279395436818,16.691894055653417,24.57188787958416,7.879993823930743,23.09279395436818,0.0,15.917230401910068,1323.2639591838513,92.37117581747272,0,4,35,1,22.64059562866288,62.825,279.7402813878256,25.59279395436818,0.40736639800028934,1,4,23.813434002894276,40,0,0.0
32,ATASCO,23.152618181197333,17.501056604878556,24.6883283890866,7.187271784208043,23.152618181197333,0.0,15.917230401910068,1326.692008791252,92.61047272478933,0,4,35,1,24.151286626819683,62.825,278.92271327415006,25.652618181197333,0.40831863400234514,1,4,23.813434002894276,40,0,0.0
33,ATASCO,23.204042565127235,17.821583475478644,24.766067566051788,6.944484090573145,23.204042565127235,0.0,15.917230401910068,1329.6387303534907,92.81617026050894,0,4,35,1,24.923850378240047,62.825,278.01123280223305,25.704042565127235,0.40913716776963366,1,4,23.813434002894276,40,0,0.0
34,ATASCO,23.247822547820654,18.232201760256558,24.817678832642887,6.585477072386329,23.247822547820654,0.0,15.917230401910068,1332.1474122109728,92.99129019128262,0,5,34,1,25.526913864391133,62.825,277.0372401939318,25.747822547820654,0.4098340238411564,1,5,23.813434002894276,40,0,0.0
35,ATASCO,23.284851482127863,18.671347851974335,24.85177311214569,6.180425260171354,23.284851482127863,0.0,15.917230401910068,1334.269245295031,93.13940592851145,0,4,35,1,26.309677432592423,62.825,276.0218530621107,25.784851482127863,0.4104234219200615,1,5,23.813434002894276,40,0,0.0
36,ATASCO,23.31605649256273,19.09778189902081,24.874177768406714,5.7763958693859045,23.31605649256273,0.0,15.917230401910068,1336.0573557218597,93.26422597025092,0,4,35,1,27.165723257743537,62.825,274.9791931623131,25.81605649256273,0.41092011926084726,1,5,23.813434002894276,40,0,0.0
37,ATASCO,23.342330386601166,19.48827729995112,24.88880530059054,5.400528000639422,23.342330386601166,0.0,15.917230401910068,1337.5629031717342,93.36932154640466,0,4,35,1,28.029043548596917,62.825,273.91866851738166,25.84233038660117,0.41133832688581246,1,5,23.813434002894276,40,0,0.0
38,ATASCO,23.364491969874344,19.781584887394303,24.898268764433876,5.1166838770395735,23.364491969874344,0.0,15.917230401910068,1338.8328068690432,93.45796787949737,0,4,35,1,28.863445424766553,62.825,272.84653152225064,25.864491969874344,0.4116910779128427,1,5,23.813434002894276,40,0,0.0
39,ATASCO,23.383264985775938,19.936515620717383,24.904307241820906,4.9677916211035225,23.383264985775938,0.0,15.917230401910068,1339.908538779043,93.53305994310375,0,4,35,1,29.652536178185073,62.825,271.76693107884955,25.88326498577594,0.41198989233228717,1,5,23.813434002894276,40,0,0.0
40,ATASCO,23.399270117726825,20.099901974248024,24.908075446682407,4.808173472434383,23.399270117726825,0.0,15.917230401910068,1340.825665321394,93.5970804709073,0,4,35,1,30.246854071430164,62.825,270.68261794314867,25.899270117726825,0.41224464970516234,1,5,23.813434002894276,40,0,0.0
41,ATASCO,23.413026741079925,20.26170097252466,24.910338879732315,4.648637907207654,23.413026741079925,0.0,15.917230401910068,1341.613947757863,93.6521069643197,0,3,36,1,30.566924034813894,62.825,269.5954153343673,25.91302674107992,0.4124636170486259,1,5,23.813434002894276,40,0,0.0
42,ATASCO,23.424961251610608,20.416254310946616,24.91160447611663,4.495350165170013,23.424961251610608,0.0,15.917230401910068,1342.297819431726,93.69984500644243,0,4,35,1,30.92974738061946,62.825,268.5065319356727,25.924961251610608,0.4126535814024768,1,5,23.813434002894276,40,0,0.0
43,ATASCO,23.435418855871013,20.560920781143615,24.91220769235811,4.351286911214494,23.435418855871013,0.0,15.917230401910068,1342.8970613789995,93.74167542348405,0,4,35,1,31.31667539961893,62.825,267.41676963344264,25.935418855871013,0.4128200374989417,1,5,23.813434002894276,40,0,0.0
44,ATASCO,23.444676347352278,20.694939628785626,24.91237039180649,4.2174307630208645,23.444676347352278,0.0,15.917230401910068,1343.427534428463,93.77870538940911,0,4,35,1,31.715840795523036,62.825,266.3266612014554,25.944676347352278,0.4129673911237927,1,5,23.813434002894276,40,0,0.0
45,ATASCO,23.45295429049801,20.818603701855036,24.912239247757967,4.093635545902931,23.45295429049801,0.0,15.917230401910068,1343.9018773703597,93.81181716199204,0,4,35,1,32.119847171419224,62.825,265.2365614688566,25.952954290498013,0.41309915305209727,1,5,23.813434002894276,40,0,0.0
46,ATASCO,23.460427819115,20.932715327583555,24.911911189317813,3.979195861734258,23.460427819115,0.0,15.917230401910068,1344.3301257272424,93.84171127646,0,3,36,1,32.524159142529925,62.825,264.1467076491159,25.960427819115,0.4132181109290092,1,5,23.813434002894276,40,0,0.0
47,ATASCO,23.467235787615405,21.038258975260966,24.91145024755895,3.8731912722979835,23.467235787615405,0.0,15.917230401910068,1344.720236138726,93.86894315046162,0,3,35,2,32.92603243920303,62.825,263.05725924458727,25.9672357876154,0.413326474932199,1,5,23.813434002894276,40,0,0.0
48,ATASCO,23.473488312709144,21.090445006077125,24.910898701951233,3.8204536958741073,23.473488312709144,0.0,15.917230401910068,1345.0785185157647,93.89395325083657,0,3,35,2,33.32382750174929,62.825,261.9683244335919,25.973488312709144,0.4134259978147098,1,5,23.813434002894276,40,0,0.0
49,ATASCO,23.479272880083865,21.137302940983634,24.910284452604543,3.772981511620909,23.479272880083865,0.0,15.917230401910068,1345.4099859658083,93.91709152033546,0,3,35,2,33.716580557753446,62.825,260.8799775154574,25.97927288008386,0.4135180721063885,1,5,23.813434002894276,40,0,0.0
50,ATASCO,23.4846592320326,21.186750925189553,24.909625894922335,3.722874969732782,23.4846592320326,0.0,15.917230401910068,1345.718634863786,93.9386369281304,0,3,35,2,34.10374066709721,62.825,259.7922704421968,25.9846592320326,0.4136038079113824,1,5,23.813434002894276,40,0,0.0
51,ATASCO,23.489703245706842,21.237878067590167,24.90893514216689,3.671057074576723,23.489703245706842,0.0,15.917230401910068,1346.007667083878,93.95881298282737,0,3,35,2,34.331762737834424,62.825,258.70524044059323,25.989703245706842,0.4136840946391857,1,5,23.813434002894276,40,0,0.0
52,ATASCO,23.494449986878518,21.289979198141204,24.9082201555376,3.618240957396395,23.494449986878518,0.0,15.917230401910068,1346.2796649862742,93.97779994751407,0,2,36,2,34.50032886882286,62.825,257.6189150499217,25.99444998687852,0.41375964961207357,1,5,23.813434002894276,40,0,0.0
53,ATASCO,23.498936095998538,21.34250742053754,24.90748615196606,3.5649787314285213,23.498936095998538,0.0,15.917230401910068,1346.5367281431713,93.99574438399415,0,2,36,2,34.689764382894964,62.825,256.533315451539,25.998936095998538,0.41383105604454495,1,5,23.813434002894276,40,0,0.0
54,ATASCO,23.503191638101494,21.39503870489675,24.906736534457405,3.5116978295606565,23.503191638101494,0.0,15.917230401910068,1346.7805793420673,94.01276655240598,0,2,36,2,34.89595732858038,62.825,255.4484586696151,26.00319163810149,0.41389879248868267,1,5,23.813434002894276,40,0,0.0
55,ATASCO,23.507241526925878,21.447245319565475,24.905973506855673,3.4587281872901983,23.507241526925878,0.0,15.917230401910068,1347.0126461907387,94.02896610770351,0,2,36,2,35.11553518897483,62.825,254.36435902587982,26.007241526925878,0.4139632555022026,1,5,23.813434002894276,40,0,0.0
56,ATASCO,23.511106615652423,21.49887565625434,24.90519848004682,3.406322823792479,23.511106615652423,0.0,15.917230401910068,1347.2341236187622,94.04442646260969,0,2,36,2,35.34572574121751,62.825,253.28102910145822,26.011106615652427,0.41402477700998686,1,5,23.813434002894276,40,0,0.0
57,ATASCO,23.514804530765048,21.5497386779067,24.904412340334737,3.3546736624280378,23.514804530765048,0.0,15.917230401910068,1347.4460216594377,94.05921812306019,0,1,37,2,35.584245901781856,62.825,252.19848037302472,26.014804530765048,0.4140836375768412,1,5,23.813434002894276,40,0,0.0
58,ATASCO,23.518350311029074,21.599691745406815,24.903615626741363,3.3039238813345477,23.518350311029074,0.0,15.917230401910068,1347.649202064539,94.0734012441163,0,1,37,2,35.82921253898371,62.825,251.11672363379034,26.018350311029074,0.41414007657825824,1,5,23.813434002894276,40,0,0.0
59,ATASCO,23.521756900361083,21.64690620594506,24.902808648127493,3.255902442182432,23.521756900361083,0.0,15.917230401910068,1347.8444065467554,94.08702760144433,0,1,37,2,36.07907058124101,62.825,250.03576927235213,26.021756900361083,0.41419430004554053,1,5,23.813434002894276,40,0,0.0
60,LIBRE,23.525035531700162,21.66564523930218,24.90199156055183,3.236346321249652,23.525035531700162,0.0,15.917230401910068,1348.0322787762927,94.10014212680065,0,0,38,2,36.332534809826825,62.825,248.95562745765324,26.025035531700162,0.41424648677596754,1,5,23.813434002894276,40,0,0.0
61,LIBRE,23.528196029221604,21.687046453043926,24.901164418359794,3.214117965315868,23.528196029221604,0.0,15.917230401910068,1348.2133816983333,94.11278411688642,0,0,38,2,36.58854253971924,62.825,247.87630826193276,26.0281960292216,0.41429679314320095,1,5,23.813434002894276,40,0,0.0
62,LIBRE,23.5312470485548,21.710643267251278,24.900327207916774,3.189683940665496,23.5312470485548,0.0,15.917230401910068,1348.388211298007,94.1249881942192,0,0,38,2,36.846215012248194,62.825,246.7978217427251,26.031247048554803,0.4143453569208882,1,5,23.813434002894276,40,0,0.0
63,LIBRE,23.534196269028154,21.736024580552883,24.899479869875886,3.1634552893230037,23.534196269028154,0.0,15.917230401910068,1348.5572076164162,94.13678507611262,0,0,38,2,36.995902292661185,62.825,245.72017799782884,26.034196269028154,0.41439230034266855,1,5,23.813434002894276,40,0,0.0
64,LIBRE,23.53705054809307,21.762831071814638,24.89862231387157,3.135791242056932,23.53705054809307,0.0,15.917230401910068,1348.720763599444,94.14820219237228,0,0,38,2,37.102228258175955,62.825,244.64338720243018,26.03705054809307,0.4144377325601762,1,5,23.813434002894276,40,0,0.0
65,LIBRE,23.53981604556609,21.790750924298127,24.897754428209957,3.1070035039118302,23.53981604556609,0.0,15.917230401910068,1348.879232217078,94.15926418226437,0,0,38,2,37.223668456062114,62.825,243.56745963445815,26.03981604556609,0.41448175162063017,1,5,23.813434002894276,40,0,0.0
66,LIBRE,23.54249832373111,21.81951529817907,24.89687608625436,3.077360788075289,23.54249832373111,0.0,15.917230401910068,1349.0329321994748,94.16999329492444,0,0,38,2,37.35810057263063,62.825,242.49240569218114,26.04249832373111,0.4145244460601848,1,5,23.813434002894276,40,0,0.0
67,LIBRE,23.54510242827642,21.848893790815335,24.89598715062773,3.0470933598123935,23.54510242827642,0.0,15.917230401910068,1349.1821526748126,94.18040971310567,0,0,38,2,37.50366872529014,62.825,241.41823590669196,26.04510242827642,0.4145658961922231,1,5,23.813434002894276,40,0,0.0
68,LIBRE,23.547632954224433,21.87869005116844,24.895087475973195,3.0163974248047545,23.547632954224433,0.0,15.917230401910068,1349.327156947202,94.19053181689773,0,0,38,2,37.65875211767843,62.825,240.34496095103304,26.047632954224433,0.41460617515677567,1,5,23.813434002894276,40,0,0.0
69,LIBRE,23.5500941002853,21.90873765616983,24.89417691076213,2.9854392545923005,23.5500941002853,0.0,15.917230401910068,1349.4681856112547,94.2003764011412,0,0,38,2,37.821936670817536,62.825,239.27259164711836,26.050094100285303,0.4146453497856793,1,5,23.813434002894276,40,0,0.0
70,LIBRE,23.552489714368615,21.9388963117279,24.89325529847308,2.9543589867451807,23.552489714368615,0.0,15.917230401910068,1349.6054591600002,94.20995885747446,0,0,38,2,37.9919895859357,62.825,238.2011389712136,26.05248971436862,0.4146834813269975,1,5,23.813434002894276,40,0,0.0
71,LIBRE,23.55482333232721,21.969048407756397,24.892322478355016,2.9232740705986195,23.55482333232721,0.0,15.917230401910068,1349.7391802049815,94.21929332930884,0,0,38,2,38.167836704035835,62.825,237.1306140584834,26.054823332327214,0.4147206260617145,1,5,23.813434002894276,40,0,0.0
72,LIBRE,23.557098211420175,21.993680074933366,24.891378285915977,2.897698210982611,23.557098211420175,0.0,15.917230401910068,1349.8695353937546,94.2283928456807,0,0,38,2,38.34854247275075,62.825,236.06102820693377,26.057098211420175,0.4147568358363736,1,5,23.813434002894276,40,0,0.0
73,LIBRE,23.559317359506544,22.00490329894868,24.89042255323019,2.885519254281512,23.559317359506544,0.0,15.917230401910068,1349.9966970827468,94.23726943802617,0,0,38,2,38.5332923025544,62.825,234.99239288096896,26.059317359506544,0.4147921585277603,1,5,23.813434002894276,40,0,0.0
74,LIBRE,23.561483560636738,22.017808365670042,24.88945510912519,2.8716467434551483,23.561483560636738,0.0,15.917230401910068,1350.120824803697,94.24593424254695,0,0,38,2,38.72137708421428,62.825,233.92471971471946,26.061483560636738,0.41482663845024653,1,5,23.813434002894276,40,0,0.0
75,LIBRE,23.563599397493196,22.0321703071477,24.888475779289536,2.856305472141834,23.563599397493196,0.0,15.917230401910068,1350.2420665495504,94.25439758997278,0,0,38,2,38.9121796414795,62.825,232.85802051521887,26.0635993974932,0.4148603167129837,1,5,23.813434002894276,40,0,0.0
75,LIBRE,23.565667271022487,22.047784461737475,24.887484386327927,2.8396999245904517,23.565667271022487,0.0,15.917230401910068,1350.3605598994184,94.26266908408995,0,0,37,3,39.01539558505851,62.825,231.79230726551236,26.065667271022487,0.4148932315323913,1,5,23.813434002894276,40,0,0.0
76,LIBRE,23.567689417564424,22.06446573869181,24.886480749781448,2.82201501108964,23.567689417564424,0.0,15.917230401910068,1350.4764330001103,94.2707576702577,0,0,37,3,39.09108391599216,62.825,230.7275921277244,26.067689417564424,0.41492541850480574,1,5,23.813434002894276,40,0,0.0
77,LIBRE,23.569667923783832,22.08204762388662,24.88546468612463,2.8034170622380117,23.569667923783832,0.0,15.917230401910068,1350.5898054217557,94.27867169513533,0,0,37,3,39.17792431623593,62.825,229.6638874461264,26.069667923783832,0.4149569108441517,1,5,23.813434002894276,40,0,0.0
78,LIBRE,23.57160473971831,22.10038101889391,24.884436008747056,2.7840549898531464,23.57160473971831,0.0,15.917230401910068,1350.7007889054664,94.28641895887324,0,0,37,3,39.27467491930338,62.825,228.601205750208,26.07160473971831,0.41498773958962687,1,5,23.813434002894276,40,0,0.0
79,LIBRE,23.57350169025069,22.119332986607603,24.8833945279246,2.764061541316998,23.57350169025069,0.0,15.917230401910068,1350.809488020732,94.29400676100276,0,0,37,3,39.380216149000034,62.825,227.53955975778035,26.07350169025069,0.4150179337883118,1,5,23.813434002894276,40,0,0.0
80,LIBRE,23.575360485290712,22.138785459949112,24.882340050783718,2.7435545908346057,23.575360485290712,0.0,15.917230401910068,1350.916000748851,94.30144194116285,0,0,37,3,39.493540190378326,62.825,226.47896237810755,26.075360485290712,0.41504752065723377,1,5,23.813434002894276,40,0,0.0
81,LIBRE,23.577182728907808,22.158633955991956,24.88127238126098,2.722638425269025,23.577182728907808,0.0,15.917230401910068,1351.0204190062573,94.30873091563123,0,0,37,3,39.61374096257009,62.825,225.4194267150774,26.077182728907808,0.4150765257287355,1,5,23.813434002894276,40,0,0.0
82,LIBRE,23.578969927603534,22.17878632610225,24.88019132005934,2.7014049939570874,23.578969927603534,0.0,15.917230401910068,1351.122829118547,94.31587971041414,0,0,37,3,39.74000468601912,62.825,224.36096607041668,26.07896992760353,0.4151049729821493,1,5,23.813434002894276,40,0,0.0
83,LIBRE,23.580723497857644,22.199161563203514,24.879096664602137,2.6799351013986232,23.580723497857644,0.0,15.917230401910068,1351.2233122528853,94.32289399143058,0,0,37,3,39.871601095272354,62.825,223.3035939469496,26.080723497857644,0.41513288496390993,1,5,23.813434002894276,40,0,0.0
84,LIBRE,23.58244477303473,22.219688679781825,24.877988208985492,2.658299529203667,23.58244477303473,0.0,15.917230401910068,1351.3219448137688,94.32977909213892,0,0,37,3,40.0078753175967,62.825,222.24732405190116,26.08244477303473,0.41516028289748874,1,5,23.813434002894276,40,0,0.0
85,LIBRE,23.58413500970433,22.23145830017657,24.876865743929535,2.6454074437529655,23.58413500970433,0.0,15.917230401910068,1351.4187988051824,94.33654003881732,0,0,37,3,40.1482404151468,62.825,221.19217030025538,26.08413500970433,0.41518718678399247,1,5,23.813434002894276,40,0,0.0
86,LIBRE,23.585795393408063,22.239239704033437,24.875729056728733,2.636489352695296,23.585795393408063,0.0,15.917230401910068,1351.5139421610668,94.34318157363225,0,0,37,3,40.292170572503665,62.825,220.13814681815415,26.085795393408063,0.4152136154939604,1,5,23.813434002894276,40,0,0.0
87,LIBRE,23.587427043901116,22.248131035409518,24.874577931201625,2.6264468957921068,23.587427043901116,0.0,15.917230401910068,1351.6074390456668,94.34970817560446,0,0,37,3,40.43919490067515,62.825,219.08526794635372,26.08742704390112,0.41523958685079376,1,5,23.813434002894276,40,0,0.0
88,LIBRE,23.58903101989851,22.25801079823213,24.87341214763998,2.615401349407847,23.58903101989851,0.0,15.917230401910068,1351.6993501255015,94.35612407959404,0,0,37,3,40.5888918218518,62.825,218.0335482437265,26.08903101989851,0.41526511770630337,1,5,23.813434002894276,40,0,0.0
89,LIBRE,23.59060832336425,22.26876635285886,24.87223148275762,2.6034651298987583,23.59060832336425,0.0,15.917230401910068,1351.7897328151423,94.362433293457,0,0,37,3,40.64672795693491,62.825,216.98300249081694,26.09060832336425,0.4152902240089813,1,5,23.813434002894276,40,0,0.0
90,LIBRE,23.592159903389145,22.280293741321294,24.87103570963889,2.5907419683175945,23.592159903389145,0.0,15.917230401910068,1351.8786414994179,94.36863961355658,0,0,37,3,40.70559970092563,62.825,215.93364569344863,26.092159903389142,0.41531492086572447,1,5,23.813434002894276,40,0,0.0
91,LIBRE,23.593686659708027,22.2924974066297,24.869824597686936,2.577327191057236,23.593686659708027,0.0,15.917230401910068,1351.9661277349608,94.37474663883211,0,0,37,3,40.7728760075413,62.825,214.88549308637948,26.093686659708027,0.41533922259781975,1,5,23.813434002894276,40,0,0.0
92,LIBRE,23.595189445907298,22.305289834810797,24.86859791257178,2.5633080777609827,23.595189445907298,0.0,15.917230401910068,1352.0522404340036,94.38075778362919,0,0,37,3,40.84777522202489,62.825,213.8385601370146,26.0951894459073,0.41536314279199843,1,5,23.813434002894276,40,0,0.0
93,LIBRE,23.596669072369522,22.31859114369314,24.867355416178285,2.548764272485144,23.596669072369522,0.0,15.917230401910068,1352.1370260331123,94.38667628947809,0,0,37,3,40.92957917834087,62.825,212.79286254916633,26.096669072369526,0.4153866943473064,1,5,23.813434002894276,40,0,0.0
94,LIBRE,23.59812630899408,22.332328638175497,24.866096866554077,2.5337682283785803,23.59812630899408,0.0,15.917230401910068,1352.220528649084,94.39250523597632,0,0,37,3,41.0176289776623,62.825,211.74841626686748,26.09812630899408,0.4154098895184095,1,5,23.813434002894276,40,0,0.0
95,LIBRE,23.59956188772365,22.3464363478877,24.864822017857446,2.5183856699697458,23.59956188772365,0.0,15.917230401910068,1352.3027902237188,94.3982475508946,0,0,37,3,41.1113208357433,62.825,210.70523747823836,26.09956188772365,0.41543273995580815,1,5,23.813434002894276,40,0,0.0
96,LIBRE,23.60097650489707,22.360854559809027,24.863530620305273,2.5026760604962455,23.60097650489707,0.0,15.917230401910068,1352.3838506586462,94.40390601958828,0,0,37,3,41.210102053383935,62.825,209.66334261940574,26.100976504897073,0.41545525674328804,1,5,23.813434002894276,40,0,0.0
97,LIBRE,23.602370823441674,22.375529355542294,24.862222420121146,2.4866930645788514,23.602370823441674,0.0,15.917230401910068,1352.4637479409475,94.4094832937667,0,0,37,3,41.31346714874462,62.825,208.622748378471,26.102370823441674,0.41547745043281614,1,5,23.813434002894276,40,0,0.0
98,LIBRE,23.60374547491304,22.390412160526743,24.860897159483553,2.4704849989568096,23.60374547491304,0.0,15.917230401910068,1352.542518260039,94.41498189965216,0,0,37,3,41.420954177775684,62.825,207.5834716995305,26.10374547491304,0.4154993310770082,1,5,23.813434002894276,40,0,0.0
99,LIBRE,23.60510106138779,22.402641223354614,24.85955457647439,2.456913353119777,23.60510106138779,0.0,15.917230401910068,1352.6201961161328,94.42040424555115,0,0,37,3,41.53214125909267,62.825,206.54552978675383,26.105101061387792,0.4155209082592565,1,5,23.813434002894276,40,0,0.0
100,LIBRE,23.606438157214864,22.4078047668175,24.858194405027707,2.4503896382102077,23.606438157214864,0.0,15.917230401910068,1352.6968144205891,94.42575262885946,0,0,37,3,41.64664331180984,62.825,205.5089401085038,26.106438157214864,0.41554219112160545,1,5,23.813434002894276,40,0,0.0
101,LIBRE,23.607757310632117,22.41380397814824,24.856816374878854,2.4430123967306123,23.607757310632117,0.0,15.917230401910068,1352.7724045885495,94.43102924252847,0,0,37,3,41.76410900882706,62.825,204.47372040151504,26.10775731063212,0.4155631883904834,1,5,23.813434002894276,40,0,0.0
102,LIBRE,23.60905904525709,22.420563102382918,24.855420211514097,2.4348571091311797,23.60905904525709,0.0,15.917230401910068,1352.8469966243617,94.43623618102836,0,0,37,3,41.88421794351598,62.825,203.43988867511962,26.10905904525709,0.4155839084004312,1,5,23.813434002894276,40,0,0.0
103,LIBRE,23.61034386146278,22.428010811625178,24.854005636120743,2.4259948244955645,23.61034386146278,0.0,15.917230401910068,1352.9206192004142,94.44137544585112,0,0,37,3,41.96993798472886,62.825,202.40746321552407,26.11034386146278,0.41560435911600124,1,5,23.813434002894276,40,0,0.0
104,LIBRE,23.61161223765035,22.43608020655496,24.852572365537846,2.416492158982887,23.61161223765035,0.0,15.917230401910068,1352.9932997300639,94.4464489506014,0,0,37,3,42.01255259657205,62.825,201.3764625901344,26.11161223765035,0.41562454815201505,1,5,23.813434002894276,40,0,0.0
105,LIBRE,23.612864631430806,22.44470876124535,24.85112011220769,2.406411350962337,23.612864631430806,0.0,15.917230401910068,1353.0650644353507,94.45145852572323,0,0,36,4,42.062136437632944,62.825,200.34690565193353,26.112864631430806,0.41564448279237254,1,5,23.813434002894276,40,0,0.0
106,LIBRE,23.614101480727022,22.45383822293979,24.849648584128012,2.3958103611882215,23.614101480727022,0.0,15.917230401910068,1353.1359384101438,94.45640592290809,0,0,36,4,42.118135853528884,62.825,199.31881154390004,26.114101480727022,0.41566417000759287,1,5,23.813434002894276,40,0,0.0
107,LIBRE,23.615323204805605,22.46341447699849,24.848157484805135,2.3847430078066445,23.615323204805605,0.0,15.917230401910068,1353.2059456792706,94.46129281922242,0,0,36,4,42.180034933627894,62.825,198.29219970348362,26.115323204805605,0.41568361647123925,1,5,23.813434002894276,40,0,0.0
108,LIBRE,23.616530205246328,22.473387385827188,24.846646513208132,2.373259127380944,23.616530205246328,0.0,15.917230401910068,1353.2751092540673,94.46612082098531,0,0,36,4,42.24735362004412,62.825,197.26708986711677,26.116530205246328,0.4157028285753494,1,5,23.813434002894276,40,0,0.0
109,LIBRE,23.61772286685455,22.483710609288323,24.845115363724094,2.361404754435771,23.61772286685455,0.0,15.917230401910068,1353.343451184662,94.4708914674182,0,0,36,4,42.319645775589606,62.825,196.24350207478122,26.117722866854553,0.41572181244495904,1,5,23.813434002894276,40,0,0.0
110,LIBRE,23.618901558520413,22.494341412887742,24.843563726114585,2.349222313226843,23.618901558520413,0.0,15.917230401910068,1353.410992609208,94.47560623408165,0,0,36,4,42.39649724464789,62.825,195.22145667461294,26.118901558520413,0.4157405739517773,1,5,23.813434002894276,40,0,0.0
111,LIBRE,23.620066634027268,22.50524046894241,24.841991285473554,2.3367508165311435,23.620066634027268,0.0,15.917230401910068,1353.4777538002095,94.48026653610907,0,0,36,4,42.47752393390647,62.825,194.20097432754721,26.120066634027268,0.41575911872705557,1,5,23.813434002894276,40,0,0.0
112,LIBRE,23.621218432811116,22.516371654968914,24.84039772218665,2.324026067217737,23.621218432811116,0.0,15.917230401910068,1353.5437542080385,94.48487373124446,0,0,36,4,42.562369933852096,62.825,193.18207601201442,26.121218432811116,0.41577745217367473,1,5,23.813434002894276,40,0,0.0
113,LIBRE,23.62235728067272,22.527701852688942,24.838782711892204,2.311080859203262,23.62235728067272,0.0,15.917230401910068,1353.6090125017395,94.48942912269088,0,0,36,4,42.65070569689942,62.825,192.16478302866594,26.12235728067272,0.4157955794774806,1,5,23.813434002894276,40,0,0.0
114,LIBRE,23.623483490444226,22.537119341664763,24.837145925443988,2.300026583779225,23.623483490444226,0.0,15.917230401910068,1353.6735466072298,94.4939339617769,0,0,36,4,42.742226283755826,62.825,191.1491170051434,26.123483490444226,0.41581350561789454,1,5,23.813434002894276,40,0,0.0
115,LIBRE,23.624597362612768,22.540934500848394,24.835487028875903,2.294552528027509,23.624597362612768,0.0,15.917230401910068,1353.7373737430316,94.49838945045107,0,0,36,4,42.83664968616472,62.825,190.13509990088312,26.124597362612768,0.4158312353778395,1,5,23.813434002894276,40,0,0.0
116,LIBRE,23.625699185903823,22.545378259981888,24.83380568336873,2.2884274233868425,23.625699185903823,0.0,15.917230401910068,1353.800510453701,94.50279674361529,0,0,36,4,42.9337152312869,62.825,189.1227540119532,26.125699185903823,0.4158487733530254,1,5,23.813434002894276,40,0,0.0
117,LIBRE,23.626789237827694,22.55040137772893,24.832101545219164,2.281700167490232,23.626789237827694,0.0,15.917230401910068,1353.8629726411414,94.50715695131078,0,0,36,4,43.033182070679004,62.825,188.11210197592604,26.126789237827694,0.4158661239606477,1,5,23.813434002894276,40,0,0.0
118,LIBRE,23.62786778519246,22.555957039496523,24.830374265811294,2.274417226314771,23.62786778519246,0.0,15.917230401910068,1353.9247755939969,94.51147114076984,0,0,36,4,43.112401958740065,62.825,187.10316677677582,26.12786778519246,0.4158832914475521,1,5,23.813434002894276,40,0,0.0
119,LIBRE,23.628935084586853,22.562000883698467,24.828623491590655,2.266622607892188,23.628935084586853,0.0,15.917230401910068,1353.9859340153232,94.51574033834741,0,0,36,4,43.146105547942625,62.825,186.09597174980755,26.12893508458685,0.4159002798979204,1,5,23.813434002894276,40,0,0.0
120,LIBRE,23.62999138283599,22.56849099869574,24.82684886404117,2.258357865345431,23.62999138283599,0.0,15.917230401910068,1354.0464620486998,94.51996553134396,0,0,36,4,43.18551027108015,62.825,185.0905405866075,26.12999138283599,0.41591709324052506,1,5,23.813434002894276,40,0,0.0
121,LIBRE,23.631036917432645,22.575387895430428,24.82505001966504,2.249662124234611,23.631036917432645,0.0,15.917230401910068,1354.1063733029453,94.52414766973058,0,0,36,4,43.23021858346874,62.825,184.08689734001638,26.131036917432645,0.41593373525559324,1,5,23.813434002894276,40,0,0.0
122,LIBRE,23.632071916946025,22.5826544602654,24.823226589965916,2.2405721297005172,23.632071916946025,0.0,15.917230401910068,1354.1656808755383,94.5282876677841,0,0,36,4,43.27985634235438,62.825,183.08506642912084,26.132071916946025,0.41595020958131357,1,5,23.813434002894276,40,0,0.0
123,LIBRE,23.63309660140964,22.590255892038048,24.821378201435547,2.231122309397499,23.63309660140964,0.0,15.917230401910068,1354.2243973748461,94.53238640563856,0,0,36,4,43.334071895500074,62.825,182.08507264425913,26.133096601409637,0.41596651972001014,1,5,23.813434002894276,40,0,0.0
124,LIBRE,23.63411118268929,22.598159626848425,24.819504475544054,2.2213448486956295,23.63411118268929,0.0,15.917230401910068,1354.2825349412087,94.53644473075715,0,0,36,4,43.3925351216526,62.825,181.08694115203946,26.13411118268929,0.4159826690439998,1,5,23.813434002894276,40,0,0.0
125,LIBRE,23.635115864832073,22.6063352536386,24.81760502873423,2.21126977509563,23.635115864832073,0.0,15.917230401910068,1354.3401052669394,94.5404634593283,0,0,36,4,43.45493644190674,62.825,180.09069750036412,26.135115864832073,0.41599866080114717,1,5,23.813434002894276,40,0,0.0
126,LIBRE,23.636110844396974,22.614754423188778,24.815679472419976,2.2009250492311985,23.636110844396974,0.0,15.917230401910068,1354.3971196152663,94.5444433775879,0,0,36,4,43.52098581777636,62.825,179.096367623459,26.136110844396974,0.4160144981201269,1,5,23.813434002894276,40,0,0.0
127,LIBRE,23.63709631076774,22.6233907527604,24.81372741298924,2.1903366602288408,23.63709631076774,0.0,15.917230401910068,1354.453588838263,94.54838524307095,0,0,36,4,43.59041174900676,62.825,178.10397784690008,26.13709631076774,0.4160301840154037,1,5,23.813434002894276,40,0,0.0
128,LIBRE,23.638072446448717,22.632219728259365,24.811748451811678,2.1795287235523126,23.638072446448717,0.0,15.917230401910068,1354.5095233937984,94.55228978579487,0,0,36,4,43.662960281628784,62.825,177.113554892637,26.138072446448717,0.41604572139194135,1,5,23.813434002894276,40,0,0.0
129,LIBRE,23.63903942734455,22.641218605473128,24.80974218525137,2.168523579778242,23.63903942734455,0.0,15.917230401910068,1354.5649333615659,94.5561577093782,0,0,36,4,43.738394034686735,62.825,176.12512588400347,26.13903942734455,0.41606111304965454,1,5,23.813434002894276,40,0,0.0
130,LIBRE,23.639997423024635,22.64599814360353,24.80770820468486,2.1617100610813296,23.639997423024635,0.0,15.917230401910068,1354.6198284582363,94.55998969209854,0,0,36,4,43.81649125216882,62.825,175.1387183507142,26.139997423024635,0.4160763616876185,1,5,23.813434002894276,40,0,0.0
131,LIBRE,23.640946596973507,22.64914298143869,24.805646096524885,2.1565031150861955,23.640946596973507,0.0,15.917230401910068,1354.6742180518047,94.56378638789403,0,0,36,4,43.897044885187825,62.825,174.1543602338396,26.14094659697351,0.41609146990805423,1,5,23.813434002894276,40,0,0.0
132,LIBRE,23.641887106828158,22.652761038766535,24.80355544225005,2.1507944034835162,23.641887106828158,0.0,15.917230401910068,1354.7281111751909,94.56754842731263,0,0,36,4,43.97986170806098,62.825,173.17207989075348,26.141887106828158,0.41610644022010596,1,5,23.813434002894276,40,0,0.0
133,LIBRE,23.6428191046035,22.65681921673124,24.80143581844085,2.144616601709611,23.6428191046035,0.0,15.917230401910068,1354.781516539158,94.571276418414,0,0,36,4,44.06476147087733,62.825,172.19190610004807,26.1428191046035,0.41612127504343016,1,5,23.813434002894276,40,0,0.0
134,LIBRE,23.643742736906866,22.661285861464346,24.799286796822393,2.138000935358047,23.643742736906866,0.0,15.917230401910068,1354.8344425446035,94.57497094762746,0,0,36,4,44.11214412636173,62.825,171.2138680664101,26.143742736906866,0.41613597671160946,1,5,23.813434002894276,40,0,0.0
135,LIBRE,23.64465814514249,22.666130783272433,24.79710794431414,2.130977161041706,23.64465814514249,0.0,15.917230401910068,1354.8868972942773,94.57863258056996,0,0,36,4,44.141591016583334,62.825,170.23799542544725,26.14465814514249,0.4161505474754077,1,5,23.813434002894276,40,0,0.0
136,LIBRE,23.645565465706692,22.671325260715342,24.794898823087127,2.123573562371785,23.645565465706692,0.0,15.917230401910068,1354.9388886039649,94.58226186282677,0,0,35,5,44.17565578635413,62.825,169.26431824846554,26.145565465706692,0.4161649895058765,1,5,23.813434002894276,40,0,0.0
137,LIBRE,23.646464830174285,22.676842031862716,24.792658990628983,2.115816958766267,23.646464830174285,0.0,15.917230401910068,1354.9904240131702,94.58585932069714,0,0,35,5,44.21404958947187,62.825,168.29286704718072,26.146464830174285,0.41617930489732247,1,5,23.813434002894276,40,0,0.0
138,LIBRE,23.647356365476707,22.68265527481622,24.790387999817206,2.107732725000986,23.647356365476707,0.0,15.917230401910068,1355.0415107953227,94.58942546190683,0,0,35,5,44.25649866147842,62.825,167.32367277836306,26.147356365476707,0.4161934956701426,1,5,23.813434002894276,40,0,0.0
139,LIBRE,23.64824019407222,22.68874057938218,24.78808539900111,2.0993448196189277,23.64824019407222,0.0,15.917230401910068,1355.0921559675287,94.59296077628888,0,0,35,5,44.302743837729395,62.825,166.356766848402,26.14824019407222,0.41620756377353313,1,5,23.813434002894276,40,0,0.0
140,LIBRE,23.64911643410844,22.695074911580996,24.785750732092872,2.0906758205118763,23.64911643410844,0.0,15.917230401910068,1355.1423662998866,94.59646573643376,0,0,35,5,44.35254003682303,62.825,165.39218111778644,26.149116434108436,0.416221511088077,1,5,23.813434002894276,40,0,0.0
141,LIBRE,23.649985199577518,22.701636572486994,24.78338353866818,2.0817469661811856,23.649985199577518,0.0,15.917230401910068,1355.1921483243784,94.59994079831007,0,0,35,5,44.40565571966772,62.825,164.42994790548642,26.14998519957752,0.4162353394282136,1,5,23.813434002894276,40,0,0.0
142,LIBRE,23.650846600464266,22.708405152711446,24.78098335407686,2.0725782013654133,23.650846600464266,0.0,15.917230401910068,1355.2415083433561,94.60338640185707,0,0,35,5,44.46187233299179,62.825,163.4700999932295,26.15084660046427,0.4162490505445964,1,5,23.813434002894276,40,0,0.0
143,LIBRE,23.651700742887506,22.715361483670993,24.778549709564064,2.0631882258930716,23.651700742887506,0.0,15.917230401910068,1355.2904524376445,94.60680297155002,0,0,35,5,44.520983744722926,62.825,162.51267062966167,26.151700742887506,0.4162626461263431,1,5,23.813434002894276,40,0,0.0
144,LIBRE,23.652547729235046,22.722487586627445,24.776082132402465,2.05359454577502,23.652547729235046,0.0,15.917230401910068,1355.3389864742724,94.61019091694018,0,0,35,5,44.582795677505594,62.825,161.55769353437938,26.152547729235046,0.4162761278031842,1,5,23.813434002894276,40,0,0.0
145,LIBRE,23.6533876582927,22.72976662034192,24.773580146035915,2.043813525693995,23.6533876582927,0.0,15.917230401910068,1355.3871161138675,94.6135506331708,0,0,35,5,44.647125145536755,62.825,160.60520290182376,26.1533876582927,0.4162894971475161,1,5,23.813434002894276,40,0,0.0
146,LIBRE,23.65422062536768,22.734003218190132,24.771043270235285,2.0370400520451533,23.65422062536768,0.0,15.917230401910068,1355.4348468177263,94.61688250147073,0,0,35,5,44.71379989897323,62.825,159.6552334050259,26.154220625367685,0.4163027556763658,1,5,23.813434002894276,40,0,0.0
147,LIBRE,23.65504672240685,22.73646496248839,24.768471021266752,2.032006058778361,23.65504672240685,0.0,15.917230401910068,1355.4821838545909,94.6201868896274,0,0,35,5,44.78265787934769,62.825,158.70782019918647,26.155046722406855,0.41631590485327263,1,5,23.813434002894276,40,0,0.0
148,LIBRE,23.655866038110176,22.739306575771977,24.76586291207335,2.026556336301372,23.655866038110176,0.0,15.917230401910068,1355.529132307149,94.6234641524407,0,0,35,5,44.85354668872736,62.825,157.76299892508314,26.155866038110172,0.41632894609009424,1,5,23.813434002894276,40,0,0.0
149,LIBRE,23.656678658039766,22.74250432451459,24.763218452470156,2.0207141279555643,23.656678658039766,0.0,15.917230401910068,1355.5756970782836,94.62671463215906,0,0,35,5,44.92632307472583,62.825,156.82080571228698,26.156678658039766,0.4163418807487428,1,5,23.813434002894276,40,0,0.0
150,LIBRE,23.657484664724812,22.746035378841363,24.760537149353798,2.0145017705124353,23.657484664724812,0.0,15.917230401910068,1355.6218828970843,94.62993865889925,0,0,35,5,44.97497465837671,62.825,155.88127718217606,26.157484664724812,0.41635471014285413,1,5,23.813434002894276,40,0,0.0
151,LIBRE,23.658284137762656,22.749877830718866,24.757818506926824,2.0079406762079586,23.658284137762656,0.0,15.917230401910068,1355.667694324641,94.63313655105063,0,0,35,5,44.99912943490527,62.825,154.94445045073144,26.158284137762656,0.4163674355393976,1,5,23.813434002894276,40,0,0.0
152,LIBRE,23.659077153916225,22.754010703181468,24.75506202693759,2.0010513237561227,23.659077153916225,0.0,15.917230401910068,1355.7131357596245,94.6363086156649,0,0,35,5,45.02721552547857,62.825,154.01036313110217,26.15907715391623,0.41638005816022644,1,5,23.813434002894276,40,0,0.0
153,LIBRE,23.659863787208078,22.75841395177507,24.752267208936193,1.993853257161124,23.659863787208078,0.0,15.917230401910068,1355.7582114436784,94.63945514883231,0,0,35,5,45.05901075414906,62.825,153.07905333591725,26.159863787208074,0.4163925791835746,1,5,23.813434002894276,40,0,0.0
154,LIBRE,23.660644109011095,22.7630684593127,24.749433550547145,1.9863650912344468,23.660644109011095,0.0,15.917230401910068,1355.8029254666126,94.64257643604438,0,0,35,5,45.09430325708357,62.825,152.150559679337,26.1606441090111,0.41640499974550094,1,5,23.813434002894276,40,0,0.0
155,LIBRE,23.66141818813609,22.767956024947022,24.746560547759408,1.978604522812386,23.66141818813609,0.0,15.917230401910068,1355.8472817714273,94.64567275254436,0,0,35,5,45.13289122668547,62.825,151.2249212788197,26.16141818813609,0.41641732094128275,1,5,23.813434002894276,40,0,0.0
156,LIBRE,23.662186090916364,22.773059348475197,24.743647695234372,1.9705883467591754,23.662186090916364,0.0,15.917230401910068,1355.891284159155,94.64874436366546,0,0,35,5,45.174582628233225,62.825,150.3021777565907,26.16218609091636,0.4164295438267626,1,5,23.813434002894276,40,0,0.0
157,LIBRE,23.662947881289487,22.778362010702807,24.740694486632478,1.9623324759296707,23.662947881289487,0.0,15.917230401910068,1355.934936293548,94.65179152515795,0,0,35,5,45.21919489529773,62.825,149.38236924078956,26.162947881289483,0.41644166941964955,1,5,23.813434002894276,40,0,0.0
158,LIBRE,23.663703620876298,22.783848450608158,24.737700414959107,1.9538519643509495,23.663703620876298,0.0,15.917230401910068,1355.9782417056056,94.65481448350519,0,0,35,5,45.26655460942004,62.825,148.46553636628346,26.163703620876294,0.41645369870077664,1,5,23.813434002894276,40,0,0.0
159,LIBRE,23.664453369057423,22.789503939966565,24.73466497293041,1.9451610329638456,23.664453369057423,0.0,15.917230401910068,1356.0212037979582,94.65781347622969,0,0,35,5,45.316497168815204,62.825,147.55172027512185,26.164453369057423,0.4164656326153191,1,5,23.813434002894276,40,0,0.0
160,LIBRE,23.66519718304743,22.79531455601744,24.731587653359664,1.936273097342223,23.66519718304743,0.0,15.917230401910068,1356.0638258491165,94.66078873218972,0,0,35,5,45.36886645021332,62.825,146.64096261661416,26.16519718304743,0.4164774720739742,1,5,23.813434002894276,40,0,0.0
161,LIBRE,23.66593511796676,22.801267152685124,24.728467949564884,1.9272007968797595,23.66593511796676,0.0,15.917230401910068,1356.106111017594,94.66374047186704,0,0,35,5,45.42351446736103,62.825,145.73330554701238,26.16593511796676,0.4164892179541068,1,5,23.813434002894276,40,0,0.0
162,LIBRE,23.66666722691172,22.807009468403418,24.725305355798284,1.9182958873948657,23.66666722691172,0.0,15.917230401910068,1356.1480623459163,94.66666890764688,0,0,35,5,45.48030102917744,62.825,144.82879172876892,26.16666722691172,0.41650087110086303,1,5,23.813434002894276,40,0,0.0
163,LIBRE,23.667393561022543,22.808837262005905,24.72209936769825,1.9132621056923433,23.667393561022543,0.0,15.917230401910068,1356.189682764523,94.66957424409017,0,0,35,5,45.53909340008056,62.825,143.92746432935746,26.16739356102254,0.4165124323282537,1,5,23.813434002894276,40,0,0.0
164,LIBRE,23.668114169549817,22.81098416157367,24.718849482764412,1.9078653211907408,23.668114169549817,0.0,15.917230401910068,1356.2309750955726,94.67245667819927,0,0,35,5,45.59976596458415,62.825,143.02936701962517,26.168114169549817,0.416523902420212,1,5,23.813434002894276,40,0,0.0
165,LIBRE,23.66882909991936,22.813432329307815,24.715555200856542,1.9021228715487268,23.66882909991936,0.0,15.917230401910068,1356.2719420566605,94.67531639967744,0,0,35,5,45.662199897890844,62.825,142.13454397166038,26.16882909991936,0.4165352821316253,1,5,23.813434002894276,40,0,0.0
166,LIBRE,23.669538397795627,22.81616451013376,24.712216024717748,1.8960515145839878,23.669538397795627,0.0,15.917230401910068,1356.312586264453,94.67815359118251,0,0,35,5,45.72628284387764,62.825,141.24303985614597,26.169538397795627,0.41654657218934543,1,5,23.813434002894276,40,0,0.0
167,LIBRE,23.670242107143817,22.819164049548412,24.708831460522628,1.8896674109742158,23.670242107143817,0.0,15.917230401910068,1356.3529102382452,94.68096842857527,0,0,34,6,45.75038683736426,62.825,140.35489983917455,26.17024210714382,0.4165577732931766,1,5,23.813434002894276,40,0,0.0
168,LIBRE,23.670940270290764,22.822414905611726,24.705401018450956,1.8829861128392302,23.670940270290764,0.0,15.917230401910068,1356.39291640345,94.68376108116306,0,0,34,6,45.77241844501248,62.825,139.4701695785052,26.17094027029076,0.41656888611684456,1,5,23.813434002894276,40,0,0.0
169,LIBRE,23.671632927984632,22.825901655747128,24.701924213287413,1.876022557540285,23.671632927984632,0.0,15.917230401910068,1356.4326070950208,94.68653171193853,0,0,34,6,45.797739743189595,62.825,138.58889521922902,26.171632927984632,0.41657991130894756,1,5,23.813434002894276,40,0,0.0
170,LIBRE,23.672320119453623,22.82960949897688,24.698400565047887,1.868791066071008,23.672320119453623,0.0,15.917230401910068,1356.4719845608126,94.68928047781449,0,0,34,6,45.82617999945933,62.825,137.7111233888213,26.172320119453627,0.4165908494938898,1,5,23.813434002894276,40,0,0.0
171,LIBRE,23.673001882463616,22.8335242541768,24.6948295996328,1.8613053454559996,23.673001882463616,0.0,15.917230401910068,1356.5110509648869,94.69200752985446,0,0,34,6,45.85757569564896,62.825,136.83690119155312,26.173001882463616,0.4166017012727993,1,5,23.813434002894276,40,0,0.0
172,LIBRE,23.67367825337492,22.837632354892047,24.691210849507975,1.8535784946159275,23.67367825337492,0.0,15.917230401910068,1356.5498083907635,94.69471301349968,0,0,34,6,45.891770377543594,62.825,135.9662762022333,26.17367825337492,0.4166124672244317,1,5,23.813434002894276,40,0,0.0
173,LIBRE,23.67434926719822,22.841920841212076,24.68754385441335,1.8456230132012728,23.67434926719822,0.0,15.917230401910068,1356.5882588446254,94.69739706879288,0,0,34,6,45.928614485860976,62.825,135.09929645925536,26.17434926719822,0.41662314790606,1,5,23.813434002894276,40,0,0.0
174,LIBRE,23.675014957649704,22.84637734915965,24.68382816209992,1.837450812940272,23.675014957649704,0.0,15.917230401910068,1356.626404258479,94.70005983059882,0,0,34,6,45.96796517219809,62.825,134.23601045691862,26.175014957649704,0.41663374385435265,1,5,23.813434002894276,40,0,0.0
175,LIBRE,23.675675357205545,22.850990098006957,24.680063329095297,1.8290732310883406,23.675675357205545,0.0,15.917230401910068,1356.6642464932743,94.70270142882218,0,0,34,6,46.009686103229,62.825,133.3764671369995,26.175675357205545,0.41664425558624024,1,5,23.813434002894276,40,0,0.0
176,LIBRE,23.676330497155778,22.855747875891037,24.67624892149792,1.820501045606882,23.676330497155778,0.0,15.917230401910068,1356.7017873419945,94.70532198862311,0,0,34,6,46.05364725605057,62.825,132.5207158795356,26.176330497155778,0.4166546835997736,1,5,23.813434002894276,40,0,0.0
177,LIBRE,23.676980407657627,22.860640024062153,24.672384515800342,1.8117444917381889,23.676980407657627,0.0,15.917230401910068,1356.7390285327092,94.70792163063051,0,0,34,6,46.0997247072205,62.825,131.66880649280938,26.17698040765763,0.4166650283749722,1,5,23.813434002894276,40,0,0.0
178,LIBRE,23.67762511778841,22.865656420062304,24.668469699741518,1.8028132796792136,23.67762511778841,0.0,15.917230401910068,1356.775971731608,94.71050047115364,0,0,34,6,46.14780041770166,62.825,130.82078920248,26.17762511778841,0.4166752903746663,1,5,23.813434002894276,40,0,0.0
179,LIBRE,23.678264655598017,22.870216253084546,24.664504073188176,1.79428782010363,23.678264655598017,0.0,15.917230401910068,1356.8126185460067,94.71305862239207,0,0,34,6,46.1977620156448,62.825,129.97671463985694,26.17826465559802,0.4166854700453326,1,5,23.813434002894276,40,0,0.0
180,LIBRE,23.67889904816111,22.87174844184776,24.66048724904526,1.7887388071975003,23.67889904816111,0.0,15.917230401910068,1356.8489705273378,94.71559619264444,0,0,34,6,46.24950257865987,62.825,129.13663382927234,26.17889904816111,0.41669556781792455,1,5,23.813434002894276,40,0,0.0
181,LIBRE,23.679528321628997,22.873543715616375,24.656418854195223,1.7828751385788486,23.679528321628997,0.0,15.917230401910068,1356.8850291741248,94.71811328651599,0,0,34,6,46.30292041699761,62.825,128.30059817452775,26.179528321629,0.41670558410869873,1,5,23.813434002894276,40,0,0.0
182,LIBRE,23.680152501281288,22.875588580093577,24.652298530465988,1.7767099503724104,23.680152501281288,0.0,15.917230401910068,1356.9207959349405,94.72061000512515,0,0,34,6,46.35791885883725,62.825,127.46865944438196,26.180152501281288,0.4167155193200364,1,5,23.813434002894276,40,0,0.0
183,LIBRE,23.680771611577377,22.87786993868642,24.648125935627213,1.7702559969407936,23.680771611577377,0.0,15.917230401910068,1356.956272211358,94.72308644630951,0,0,34,6,46.41440603868887,62.825,126.6408697570605,26.180771611577377,0.41672537384126346,1,5,23.813434002894276,40,0,0.0
184,LIBRE,23.68138567620772,22.88037510573415,24.6439007444144,1.7635256386802496,23.68138567620772,0.0,15.917230401910068,1356.9914593608883,94.72554270483089,0,0,34,6,46.434995460392656,62.825,125.81728156374993,26.181385676207718,0.41673514804946626,1,5,23.813434002894276,40,0,0.0
185,LIBRE,23.681994718145017,22.883091816047518,24.639622649580247,1.7565308335327288,23.681994718145017,0.0,15.917230401910068,1357.0263586999135,94.72797887258007,0,0,34,6,46.45410222171995,62.825,124.99794763105456,26.181994718145017,0.4167448423103067,1,5,23.813434002894276,40,0,0.0
186,LIBRE,23.682598759695217,22.886008231138344,24.63529136297262,1.7492831318342752,23.682598759695217,0.0,15.917230401910068,1357.0609715066103,94.73039503878087,0,0,34,6,46.47605915027452,62.825,124.18292102238593,26.182598759695214,0.41675445697883345,1,5,23.813434002894276,40,0,0.0
187,LIBRE,23.683197822548465,22.88911294249971,24.6309066166382,1.7417936741384885,23.683197822548465,0.0,15.917230401910068,1357.0952990238677,94.73279129019386,0,0,34,6,46.500729838560915,62.825,123.37225507826088,26.183197822548465,0.4167639924002939,1,5,23.813434002894276,40,0,0.0
188,LIBRE,23.68379192782994,22.892394972276403,24.626468163950943,1.7340731916745398,23.68379192782994,0.0,15.917230401910068,1357.129342462201,94.73516771131976,0,0,34,6,46.5279831244826,62.825,122.56600339548095,26.18379192782994,0.41677344891094215,1,5,23.813434002894276,40,0,0.0
189,LIBRE,23.684381096150606,22.89584377164315,24.62197578076413,1.726132009120981,23.684381096150606,0.0,15.917230401910068,1357.1631030026613,94.73752438460242,0,0,34,6,46.557693005343026,62.825,121.76421980517034,26.184381096150606,0.41678282683884765,1,5,23.813434002894276,40,0,0.0
190,LIBRE,23.684965347657887,22.89944921718618,24.617429266584764,1.7179800493985837,23.684965347657887,0.0,15.917230401910068,1357.1965817997357,94.73986139063155,0,0,34,6,46.58973853785017,62.825,120.96695834964976,26.184965347657887,0.4167921265047017,1,5,23.813434002894276,40,0,0.0
191,LIBRE,23.685544702086297,22.903201605560806,24.613727660603892,1.7105260550430863,23.685544702086297,0.0,15.917230401910068,1357.2297799842527,94.74217880834519,0,0,34,6,46.62400372649529,62.825,120.17427325812287,26.185544702086297,0.4168013482226231,1,5,23.813434002894276,40,0,0.0
192,LIBRE,23.68611917880797,22.907091646675607,24.613337727361724,1.7062460806861175,23.68611917880797,0.0,15.917230401910068,1357.2626986662747,94.74447671523188,0,0,34,6,46.6603774024361,62.825,119.38621892116043,26.186119178807967,0.41681049230096245,1,5,23.813434002894276,40,0,0.0
193,LIBRE,23.68668879688313,22.911110455631995,24.612915742860032,1.7018052872280371,23.68668879688313,0.0,15.917230401910068,1357.2953389379907,94.74675518753251,0,0,34,6,46.69875309479778,62.825,118.60284986395072,26.18668879688313,0.4168195590431059,1,5,23.813434002894276,40,0,0.0
194,LIBRE,23.687253575110454,22.91524954362707,24.612461458754954,1.697211915127884,23.687253575110454,0.0,15.917230401910068,1357.3277018766037,94.74901430044181,0,0,34,6,46.73902889609974,62.825,117.82422071831797,26.187253575110454,0.4168285487482762,1,5,23.813434002894276,40,0,0.0
195,LIBRE,23.687813532077367,22.91950080800749,24.611974618850766,1.6924738108432749,23.687813532077367,0.0,15.917230401910068,1357.359788547211,94.75125412830947,0,0,34,6,46.781107323313336,62.825,117.05038619348534,26.18781353207737,0.41683746171233377,1,5,23.813434002894276,40,0,0.0
196,LIBRE,23.688368686210165,22.923856521643117,24.611454959233697,1.6875984375905801,23.688368686210165,0.0,15.917230401910068,1357.391600005676,94.75347474484066,0,0,34,6,46.824895175895335,62.825,116.28140104556087,26.18836868621016,0.416846298228574,1,5,23.813434002894276,40,0,0.0
197,LIBRE,23.68891905582399,22.925534431935368,24.610902208411694,1.6853677764763262,23.68891905582399,0.0,15.917230401910068,1357.423137301494,94.75567622329596,0,0,34,6,46.870303391958714,62.825,115.51732004575251,26.188919055823987,0.41685505858852345,1,5,23.813434002894276,40,0,0.0
198,LIBRE,23.689464659172625,22.92698106015186,24.61031608746052,1.6833350273086616,23.689464659172625,0.0,15.917230401910068,1357.4544014806438,94.7578586366905,0,0,33,7,46.91724690361366,62.825,114.75819794730342,26.189464659172625,0.4168637430827318,1,5,23.813434002894276,40,0,0.0
199,LIBRE,23.69000551449802,22.928641410108508,24.609696310176652,1.681054900068144,23.69000551449802,0.0,15.917230401910068,1357.4853935884262,94.76002205799207,0,0,33,7,46.96564449236257,62.825,114.00408945113213,26.19000551449802,0.41687235200156014,1,5,23.813434002894276,40,0,0.0
200,LIBRE,23.69054164007951,22.930505203793302,24.609042583237386,1.6785373794440837,23.69054164007951,0.0,15.917230401910068,1357.5161146722837,94.76216656031804,0,0,33,7,47.015418645313275,62.825,113.25504917018134,26.19054164007951,0.4168808856359651,1,5,23.813434002894276,40,0,0.0
201,LIBRE,23.691073054282718,22.932562450265753,24.608354606368508,1.6757921561027551,23.691073054282718,0.0,15.917230401910068,1357.5465657846046,94.76429221713087,0,0,33,7,47.04590015426584,62.825,112.51113159248553,26.191073054282715,0.4168893442782764,1,5,23.813434002894276,40,0,0.0
202,LIBRE,23.691599775607994,22.9348034540015,24.60763207252002,1.672828618518519,23.691599775607994,0.0,15.917230401910068,1357.5767479854958,94.76639910243198,0,0,33,7,47.06173283711178,62.825,111.77239104295586,26.191599775607994,0.41689772822296844,1,5,23.813434002894276,40,0,0.0
203,LIBRE,23.692121822738393,22.93721882097009,24.60687466805023,1.66965584708014,23.692121822738393,0.0,15.917230401910068,1357.6066623455347,94.76848729095357,0,0,33,7,47.080100958103685,62.825,111.038881643889,26.192121822738393,0.4169060377674237,1,5,23.813434002894276,40,0,0.0
204,LIBRE,23.692639214587064,22.939799462666674,24.606082072918692,1.6662826102520185,23.692639214587064,0.0,15.917230401910068,1357.636309948483,94.77055685834826,0,0,33,7,47.10089222674628,62.825,110.31065727421947,26.192639214587064,0.41691427321268704,1,5,23.813434002894276,40,0,0.0
205,LIBRE,23.693151970344026,22.942536598307637,24.605253960888323,1.6627173625806861,23.693151970344026,0.0,15.917230401910068,1357.6656918939673,94.7726078813761,0,0,33,7,47.12399827642457,62.825,109.58777152753419,26.19315197034403,0.41692243486421054,1,5,23.813434002894276,40,0,0.0
206,LIBRE,23.693660109522185,22.945421755388878,24.604389999737098,1.6589682443482197,23.693660109522185,0.0,15.917230401910068,1357.6948093001174,94.77464043808874,0,0,33,7,47.14931461909373,62.825,108.8702776688574,26.193660109522188,0.41693052303258554,1,5,23.813434002894276,40,0,0.0
207,LIBRE,23.694163652002537,22.948446768793286,24.603489851479708,1.6550430826864222,23.694163652002537,0.0,15.917230401910068,1357.723663306154,94.77665460801015,0,0,33,7,47.17674058886519,62.825,108.15822859025229,26.194163652002537,0.4169385380342624,1,5,23.813434002894276,40,0,0.0
208,LIBRE,23.69466261807849,22.95160377862182,24.602553172599514,1.6509493939776938,23.69466261807849,0.0,15.917230401910068,1357.7522550749313,94.77865047231396,0,0,33,7,47.206179276088506,62.825,107.45167676525236,26.19466261807849,0.41694648019225605,1,5,23.813434002894276,40,0,0.0
209,LIBRE,23.69515702849912,22.954885226910122,24.601579614291175,1.6466943873810536,23.69515702849912,0.0,15.917230401910068,1357.7805857954133,94.78062811399649,0,0,33,7,47.23753745341446,62.825,107.02885971831074,26.195157028499125,0.41695434983683444,1,5,23.813434002894276,40,0,0.0
210,LIBRE,23.695646904511364,22.958283853380426,24.600568822714273,1.642284969333847,23.695646904511364,0.0,15.917230401910068,1357.808656685092,94.78258761804545,0,0,33,7,47.27072549517811,62.825,106.94545268303955,26.195646904511364,0.41696214730618963,1,5,23.813434002894276,40,0,0.0
211,LIBRE,23.696132267900946,22.96179269036647,24.59952043925825,1.6377277488917805,23.696132267900946,0.0,15.917230401910068,1357.8364689923344,94.78452907160379,0,0,33,7,47.30565729131308,62.825,106.8574253623924,26.196132267900946,0.41696987294709026,1,5,23.813434002894276,40,0,0.0
212,LIBRE,23.696613141032003,22.96540505703754,24.598434100819013,1.6330290437814732,23.696613141032003,0.0,15.917230401910068,1357.8640239986505,94.78645256412801,0,0,33,7,47.342250156883665,62.825,106.76476522297844,26.196613141032003,0.4169775271155114,1,5,23.813434002894276,40,0,0.0
213,LIBRE,23.697089546885216,22.96911455303646,24.597309440087457,1.6281948870509986,23.697089546885216,0.0,15.917230401910068,1357.89132302088,94.78835818754087,0,0,33,7,47.38042473821565,62.825,106.6674607590104,26.197089546885216,0.41698511017724177,1,5,23.813434002894276,40,0,0.0
214,LIBRE,23.697561509094417,22.972227725976055,24.596146085850158,1.6239183598741036,23.697561509094417,0.0,15.917230401910068,1357.9183674132894,94.79024603637767,0,0,33,7,47.42010491650376,62.825,106.5655015479393,26.19756150909442,0.4169926225084667,1,5,23.813434002894276,40,0,0.0
215,LIBRE,23.698029051981447,22.973343481077787,24.594943663302576,1.621600182224789,23.698029051981447,0.0,15.917230401910068,1357.9451585695697,94.79211620792579,0,0,33,7,47.46121770965942,62.825,106.45887830659638,26.198029051981443,0.4170000644963222,1,5,23.813434002894276,40,0,0.0
216,LIBRE,23.698492200589236,22.97464692407628,24.593701794374947,1.619054870298669,23.698492200589236,0.0,15.917230401910068,1357.9716979247314,94.79396880235694,0,0,33,7,47.503693173093325,62.825,106.3475829477342,26.198492200589236,0.41700743653942274,1,5,23.813434002894276,40,0,0.0
217,LIBRE,23.698950980712926,22.976129776752845,24.59242009807109,1.616290321318246,23.698950980712926,0.0,15.917230401910068,1357.9979869568888,94.7958039228517,0,0,33,7,47.5474643000357,62.825,106.23160863689593,26.198950980712926,0.41701473904835534,1,5,23.813434002894276,40,0,0.0
218,LIBRE,23.69940541892889,22.977783963777703,24.591098190820357,1.613314227042654,23.69940541892889,0.0,15.917230401910068,1358.0240271889218,94.79762167571556,0,0,33,7,47.592466921915275,62.825,106.1109498494956,26.199405418928894,0.41702197244614236,1,5,23.813434002894276,40,0,0.0
219,LIBRE,23.699855542621613,22.97960162032443,24.58973568684282,1.6101340665183876,23.699855542621613,0.0,15.917230401910068,1358.0498201900168,94.79942217048645,0,0,33,7,47.60913807292968,62.825,105.9856024280229,26.199855542621613,0.4170291371686687,1,5,23.813434002894276,40,0,0.0
220,LIBRE,23.700301380008188,22.981575098047134,24.58833219852796,1.6067571004808272,23.700301380008188,0.0,15.917230401910068,1358.075367577071,94.80120552003275,0,0,33,7,47.623872953335876,62.825,105.8555636392538,26.200301380008188,0.4170362336650726,1,5,23.813434002894276,40,0,0.0
221,LIBRE,23.70074296016042,22.983696969561997,24.586887336826887,1.6031903672648902,23.70074296016042,0.0,15.917230401910068,1358.1006710159572,94.80297184064167,0,0,33,7,47.64081505228796,62.825,105.72083223135627,26.200742960160415,0.4170432623980965,1,5,23.813434002894276,40,0,0.0
222,LIBRE,23.70118031302432,22.985960031569114,24.585400711658227,1.5994406800891134,23.70118031302432,0.0,15.917230401910068,1358.1257322226431,94.80472125209728,0,0,33,7,47.65987276144847,62.825,105.58140849077006,26.20118031302432,0.4170502238443982,1,5,23.813434002894276,40,0,0.0
223,LIBRE,23.70161346943699,22.988357306744955,24.583871932327757,1.5955146255828012,23.70161346943699,0.0,15.917230401910068,1358.150552964157,94.80645387774796,0,0,33,7,47.68095744896573,62.825,105.43729429873645,26.20161346943699,0.41705711849481875,1,5,23.813434002894276,40,0,0.0
224,LIBRE,23.702042461140614,22.99088204452901,24.5823006079618,1.5914185634327893,23.702042461140614,0.0,15.917230401910068,1358.1751350593906,94.80816984456246,0,0,33,7,47.70398343165334,62.825,105.28849318734729,26.202042461140614,0.41706394685460585,1,5,23.813434002894276,40,0,0.0
225,LIBRE,23.70246732079368,22.993527720921186,24.580686347954426,1.58715862703324,23.70246732079368,0.0,15.917230401910068,1358.1994803797413,94.80986928317472,0,0,33,7,47.728867939157226,62.825,105.13501039497919,26.20246732079368,0.4170707094435922,1,5,23.813434002894276,40,0,0.0
226,LIBRE,23.70288808197911,22.996288037399886,24.579028762428468,1.5827407250285823,23.70288808197911,0.0,15.917230401910068,1358.223590849579,94.81155232791644,0,0,33,7,47.75553107116002,62.825,104.9768529209733,26.202888081979115,0.41707740679632493,1,5,23.813434002894276,40,0,0.0
227,LIBRE,23.703304779209375,22.999156919063203,24.577327462710198,1.5781705436469942,23.703304779209375,0.0,15.917230401910068,1358.247468446538,94.8132191168375,0,0,33,7,47.783895748606255,62.825,104.81402957941856,26.203304779209372,0.4170840394621468,1,5,23.813434002894276,40,0,0.0
228,LIBRE,23.70371744792841,23.00212851208877,24.57558206181775,1.5734535497289812,23.70371744792841,0.0,15.917230401910068,1358.271115201628,94.81486979171363,0,0,33,7,47.81388765985048,62.825,104.64655105189064,26.20371744792841,0.41709060800522735,1,5,23.813434002894276,40,0,0.0
229,LIBRE,23.704126124510317,23.005197180600803,24.573792174963078,1.5685949943622752,23.704126124510317,0.0,15.917230401910068,1358.2945331991586,94.81650449804127,0,0,32,8,47.84543520254624,62.825,104.47442993899728,26.204126124510317,0.41709711300454144,1,5,23.813434002894276,40,0,0.0
230,LIBRE,23.704530846254777,23.0083575030259,24.571957420067367,1.5635999170414685,23.704530846254777,0.0,15.917230401910068,1358.3177245764775,94.8181233850191,0,0,32,8,47.87846942201509,62.825,104.29768081057796,26.204530846254777,0.41710355505379665,1,5,23.813434002894276,40,0,0.0
231,LIBRE,23.704931651379077,23.011604268012743,24.57007741828968,1.5584731502769387,23.704931651379077,0.0,15.917230401910068,1358.3406915235128,94.81972660551631,0,0,32,8,47.912923946776345,62.825,104.11632025440167,26.204931651379077,0.4171099347613064,1,5,23.813434002894276,40,0,0.0
232,LIBRE,23.705328579006796,23.014134925952987,24.568151794568756,1.5540168686157685,23.705328579006796,0.0,15.917230401910068,1358.3634362821244,94.82131431602718,0,0,32,8,47.94873492183888,62.825,103.93036692320771,26.205328579006796,0.4171162527498097,1,5,23.813434002894276,40,0,0.0
233,LIBRE,23.705721669153057,23.015110164491666,24.566180178177575,1.5510700136859086,23.705721669153057,0.0,15.917230401910068,1358.3859611452608,94.82288667661223,0,0,32,8,47.98584094030457,62.825,103.73984157993135,26.205721669153057,0.4171225096562365,1,5,23.813434002894276,40,0,0.0
234,LIBRE,23.706110962706354,23.016246666852556,24.564162203290632,1.547915536438076,23.706110962706354,0.0,15.917230401910068,1358.4082684559153,94.82444385082542,0,0,32,8,48.024182973771076,62.825,103.54476714095586,26.206110962706354,0.4171287061314183,1,5,23.813434002894276,40,0,0.0
235,LIBRE,23.706496501406974,23.017537773610346,24.562097509563472,1.5445597359531256,23.706496501406974,0.0,15.917230401910068,1358.430360605891,94.8259860056279,0,0,32,8,48.06370430196807,62.825,103.34516871723338,26.206496501406974,0.4171348428397449,1,5,23.813434002894276,40,0,0.0
236,LIBRE,23.706878327822007,23.018976976020934,24.559985742724272,1.5410087667033388,23.706878327822007,0.0,15.917230401910068,1358.452240034369,94.82751331128803,0,0,32,8,48.104350442016084,62.825,103.14107365311838,26.206878327822004,0.41714092045876644,1,5,23.813434002894276,40,0,0.0
237,LIBRE,23.70725648531699,23.020557921865603,24.55782655517707,1.5372686333114665,23.70725648531699,0.0,15.917230401910068,1358.473909226282,94.82902594126796,0,0,32,8,48.11839257355541,62.825,102.93251156275596,26.207256485316986,0.4171469396787423,1,5,23.813434002894276,40,0,0.0
238,LIBRE,23.707631018024237,23.022274420159125,24.555619606616357,1.5333451864572325,23.707631018024237,0.0,15.917230401910068,1358.4953707105017,94.83052407209695,0,0,32,8,48.131578149029565,62.825,102.7195143638728,26.207631018024237,0.41715290120213666,1,5,23.813434002894276,40,0,0.0
239,LIBRE,23.708001970807935,23.02412044481282,24.553364564652508,1.5292441198396887,23.708001970807935,0.0,15.917230401910068,1358.5166270578363,94.83200788323174,0,0,32,8,48.146726854127564,62.825,102.50211630882245,26.208001970807935,0.417158805743063,1,5,23.813434002894276,40,0,0.0
240,LIBRE,23.70836938922604,23.026090137340855,24.551061105447797,1.5249709681069419,23.70836938922604,0.0,15.917230401910068,1358.5376808788499,94.83347755690416,0,0,32,8,48.16376217053357,62.825,102.280354012732,26.20836938922604,0.4171646540266779,1,5,23.813434002894276,40,0,0.0
241,LIBRE,23.708733319489163,23.028177808694284,24.54870891436234,1.5205311056680557,23.708733319489163,0.0,15.917230401910068,1358.5585348215038,94.83493327795665,0,0,32,8,48.18260988712609,62.825,102.05426647861486,26.20873331948916,0.4171704467885262,1,5,23.813434002894276,40,0,0.0
242,LIBRE,23.70909380841646,23.03037794030361,24.546307686609715,1.5159297463061066,23.70909380841646,0.0,15.917230401910068,1358.5791915686311,94.83637523366583,0,0,32,8,48.20319808465047,62.825,101.82389511930751,26.20909380841646,0.41717618477383933,1,5,23.813434002894276,40,0,0.0
243,LIBRE,23.709450903388767,23.032685184406834,24.54385712792157,1.5111719435147357,23.709450903388767,0.0,15.917230401910068,1358.59965383525,94.83780361355507,0,0,32,8,48.22545711425096,62.825,101.58928377609936,26.209450903388767,0.417181868736789,1,5,23.813434002894276,40,0,0.0
244,LIBRE,23.709804652299034,23.035094363735503,24.541356955220774,1.506262591485271,23.709804652299034,0.0,15.917230401910068,1358.6199243657227,94.83921860919614,0,0,32,8,48.249319570606076,62.825,101.35047873393273,26.209804652299038,0.4171874994396982,1,5,23.813434002894276,40,0,0.0
245,LIBRE,23.71015510350031,23.037600470627197,24.53880689730256,1.5012064266753633,23.71015510350031,0.0,15.917230401910068,1358.6400059307778,94.84062041400124,0,0,32,8,48.27472026035457,62.825,101.10752873305557,26.210155103500306,0.41719307765221336,1,5,23.813434002894276,40,0,0.0
246,LIBRE,23.710502305751383,23.040198665628576,24.536206695523088,1.4960080298945115,23.710502305751383,0.0,15.917230401910068,1358.6599013243929,94.84200922300553,0,0,32,8,48.301596166446416,62.825,100.8604849770121,26.210502305751383,0.4171986041504398,1,5,23.813434002894276,40,0,0.0
247,LIBRE,23.71084630816038,23.042884275648877,24.533556104494764,1.490671828845887,23.71084630816038,0.0,15.917230401910068,1358.679613360563,94.84338523264152,0,0,32,8,48.32988640899748,62.825,100.60940113687684,26.21084630816038,0.4172040797160427,1,5,23.813434002894276,40,0,0.0
248,LIBRE,23.711187160126407,23.045652791719423,24.530854892787747,1.4852021010683245,23.711187160126407,0.0,15.917230401910068,1358.6991448699573,94.84474864050563,0,0,32,8,48.35953220317742,62.825,100.35433335163611,26.21118716012641,0.4172095051353189,1,5,23.813434002894276,40,0,0.0
249,LIBRE,23.71152491127958,23.048499866410825,24.528102843636994,1.4796029772261683,23.71152491127958,0.0,15.917230401910068,1358.718498696482,94.84609964511831,0,0,32,8,48.39047681463444,62.825,100.09534022463788,26.211524911279582,0.41721488119824246,1,5,23.813434002894276,40,0,0.0
250,LIBRE,23.71185961141959,23.051154459306826,24.5252997556541,1.4741452963472739,23.71185961141959,0.0,15.917230401910068,1358.737677693761,94.84743844567836,0,0,32,8,48.422665512880485,62.825,99.83248281603414,26.21185961141959,0.4172202086974865,1,5,23.813434002894276,40,0,0.0
251,LIBRE,23.712191310453107,23.05197552364633,24.522445443543297,1.470469919896967,23.712191310453107,0.0,15.917230401910068,1358.756684721547,94.84876524181243,0,0,32,8,48.456045523055764,62.825,99.56582463116115,26.212191310453107,0.41722548842742707,1,5,23.813434002894276,40,0,0.0
252,LIBRE,23.712520058330284,23.05293812263028,24.519539738820875,1.4666016161905944,23.712520058330284,0.0,15.917230401910068,1358.7755226420857,94.85008023332114,0,0,32,8,48.49056597642675,62.825,99.29543160480239,26.212520058330284,0.41723072118313226,1,5,23.813434002894276,40,0,0.0
253,LIBRE,23.71284590498056,23.05403678631424,24.516582490537182,1.4625457042229435,23.71284590498056,0.0,15.917230401910068,1358.7941943164349,94.85138361992225,0,0,32,8,48.52617785995335,62.825,99.0213720813,26.212845904980565,0.41723590775934044,1,5,23.813434002894276,40,0,0.0
254,LIBRE,23.713168900248142,23.055266157586495,24.514445365359027,1.4591792077725323,23.713168900248142,0.0,15.917230401910068,1358.812702600769,94.85267560099257,0,0,32,8,48.56283396521758,62.825,98.74371679048693,26.213168900248142,0.4172410489494332,1,5,23.813434002894276,40,0,0.0
255,LIBRE,23.713489093827313,23.05662099695067,24.514137594371523,1.4575165974208524,23.713489093827313,0.0,15.917230401910068,1358.8310503426712,94.85395637530925,0,0,32,8,48.58195535620234,62.825,98.46253881943142,26.213489093827313,0.4172461455444061,1,5,23.813434002894276,40,0,0.0
256,LIBRE,23.713806535197996,23.058096186483205,24.51380018615406,1.455703999670856,23.713806535197996,0.0,15.917230401910068,1358.849240377442,94.85522614079198,0,0,32,8,48.59334519963841,62.825,98.27259591804943,26.213806535197996,0.4172511983318423,1,5,23.813434002894276,40,0,0.0
257,LIBRE,23.71412127356171,23.059686733026926,24.513432880041155,1.453746147014229,23.71412127356171,0.0,15.917230401910068,1358.8672755244274,94.85648509424684,0,0,32,8,48.6065114871476,62.825,98.26465930905795,26.21412127356171,0.4172562080948939,1,5,23.813434002894276,40,0,0.0
258,LIBRE,23.714433357778297,23.06138777067958,24.51303541153643,1.451647640856848,23.714433357778297,0.0,15.917230401910068,1358.8851585833963,94.85773343111319,0,0,32,8,48.621389068961435,62.825,98.25391341549027,26.214433357778297,0.4172611756112741,1,5,23.813434002894276,40,0,0.0
259,LIBRE,23.71474283630369,23.063194562634845,24.51260751242749,1.4494129497926451,23.71474283630369,0.0,15.917230401910068,1358.9028923309716,94.85897134521475,0,0,32,8,48.63791461416349,62.825,98.24033651837965,26.214742836303692,0.41726610165226724,1,5,23.813434002894276,40,0,0.0
260,LIBRE,23.715049757128916,23.065102502430694,24.512148910905807,1.4470464084751136,23.715049757128916,0.0,15.917230401910068,1358.9204795171365,94.86019902851567,0,0,31,9,48.65602660428431,62.825,98.22390715078939,26.215049757128916,0.4172709869817575,1,5,23.813434002894276,40,0,0.0
261,LIBRE,23.71535416772073,23.067107114657812,24.511659331691835,1.4445522170340226,23.71535416772073,0.0,15.917230401910068,1358.9379228618325,94.86141667088292,0,0,31,9,48.67566532199589,62.825,98.2046041243226,26.215354167720733,0.4172758323552842,1,5,23.813434002894276,40,0,0.0
262,LIBRE,23.71565611496401,23.069204055177963,24.51113849616555,1.4419344409875876,23.71565611496401,0.0,15.917230401910068,1358.9552250516583,94.86262445985604,0,0,31,9,48.69677283544797,62.825,98.18240655621867,26.21565611496401,0.41728063851912467,1,5,23.813434002894276,40,0,0.0
263,LIBRE,23.715955645106273,23.07138911090004,24.510586122502698,1.4391970116026584,23.715955645106273,0.0,15.917230401910068,1358.9723887366906,94.8638225804251,0,0,31,9,48.71929297873021,62.825,98.157293897013,26.21595564510627,0.41728540620941135,1,5,23.813434002894276,40,0,0.0
264,LIBRE,23.716252803704492,23.073658199158405,24.51000192581695,1.4363437266585457,23.716252803704492,0.0,15.917230401910068,1358.989416527436,94.86501121481797,0,0,31,9,48.743171328944754,62.825,98.1292459587562,26.216252803704492,0.4172901361512852,1,5,23.813434002894276,40,0,0.0
265,LIBRE,23.71654763557445,23.076007366735894,24.509385618308215,1.4333782515723215,23.71654763557445,0.0,15.917230401910068,1359.0063109919304,94.8661905422978,0,0,31,9,48.76835518030521,62.825,98.09824294377404,26.21654763557445,0.4172948290580891,1,5,23.813434002894276,40,0,0.0
266,LIBRE,23.71684018474285,23.078432788570826,24.508736909417333,1.4303041208465075,23.71684018474285,0.0,15.917230401910068,1359.0230746529926,94.8673607389714,0,0,31,9,48.79479351566033,62.825,98.06426547394972,26.216840184742853,0.4172994856306065,1,5,23.813434002894276,40,0,0.0
267,LIBRE,23.71713049440238,23.080930766185038,24.508055505987432,1.4271247398023945,23.71713049440238,0.0,15.917230401910068,1359.0397099856516,94.86852197760952,0,0,31,9,48.82243697582008,62.825,98.02729462051775,26.21713049440238,0.41730410655634503,1,5,23.813434002894276,40,0,0.0
268,LIBRE,23.717418606869916,23.083497725867183,24.507341112432147,1.4238433865649647,23.717418606869916,0.0,15.917230401910068,1359.0562194147506,94.86967442747967,0,0,31,9,48.85123782700603,62.825,97.98731193434287,26.217418606869916,0.4173086925088725,1,5,23.813434002894276,40,0,0.0
269,LIBRE,23.717704563548004,23.084829744807887,24.50659343091103,1.4217636861031409,23.717704563548004,0.0,15.917230401910068,1359.072605312739,94.87081825419202,0,0,31,9,48.881149926746886,62.825,97.944299476668,26.217704563548004,0.4173132441472026,1,5,23.813434002894276,40,0,0.0
270,LIBRE,23.717988404889795,23.08561981790579,24.505812161512267,1.4201923436064767,23.717988404889795,0.0,15.917230401910068,1359.0888699976645,94.87195361955918,0,0,31,9,48.91212868849514,62.825,97.89823985030239,26.217988404889798,0.4173177621152375,1,5,23.813434002894276,40,0,0.0
271,LIBRE,23.71827017036751,23.08653169713059,24.504997002443133,1.4184653053125444,23.71827017036751,0.0,15.917230401910068,1359.1050157313655,94.87308068147004,0,0,31,9,48.9441310452237,62.825,97.8491162312389,26.21827017036751,0.4173222470412656,1,5,23.813434002894276,40,0,0.0
272,LIBRE,23.718549898444607,23.087560896863863,24.50414765022822,1.4165867533643564,23.718549898444607,0.0,15.917230401910068,1359.1210447178764,94.87419959377843,0,0,31,9,48.977115412232436,62.825,97.79691240065426,26.21854989844461,0.41732669953751866,1,5,23.813434002894276,40,0,0.0
273,LIBRE,23.718827626551647,23.088703020413874,24.50326379991586,1.4145607795019863,23.718827626551647,0.0,15.917230401910068,1359.1369591020443,94.87531050620659,0,0,31,9,49.00675173452484,62.825,97.74161277727944,26.21882762655165,0.4173311201997875,1,5,23.813434002894276,40,0,0.0
274,LIBRE,23.719103391065975,23.089953763485884,24.50234514529291,1.4123913818070264,23.719103391065975,0.0,15.917230401910068,1359.1527609683646,94.8764135642639,0,0,31,9,49.016218101139145,62.825,97.68320245010636,26.21910339106598,0.4173355096070987,1,5,23.813434002894276,40,0,0.0
275,LIBRE,23.719377227295233,23.091308917073224,24.501391379108114,1.4100824620348895,23.719377227295233,0.0,15.917230401910068,1359.1684523400372,94.87750890918093,0,0,31,9,49.027314691997475,62.825,97.62166721139897,26.219377227295233,0.41733986832145215,1,5,23.813434002894276,40,0,0.0
276,LIBRE,23.719649169464738,23.092764369810045,24.500402193304314,1.4076378234942695,23.719649169464738,0.0,15.917230401910068,1359.184035178242,94.87859667785895,0,0,31,9,49.0399851631762,62.825,97.55699358996549,26.219649169464738,0.41734419688762014,1,5,23.813434002894276,40,0,0.0
277,LIBRE,23.719919250708653,23.094316109825698,24.499377279259726,1.4050611694340276,23.719919250708653,0.0,15.917230401910068,1359.199511381634,94.87967700283461,0,0,31,9,49.05417462292888,62.825,97.48916888467193,26.219919250708653,0.4173484958330068,1,5,23.813434002894276,40,0,0.0
278,LIBRE,23.72018750306502,23.095960226139415,24.498316328038474,1.4023561018990591,23.72018750306502,0.0,15.917230401910068,1359.2148827860576,94.88075001226008,0,0,31,9,49.069829631723934,62.825,97.41818119814525,26.220187503065024,0.417352765667569,1,5,23.813434002894276,40,0,0.0
279,LIBRE,23.72045395747454,23.09769290963235,24.497219030650594,1.3995261210182441,23.72045395747454,0.0,15.917230401910068,1359.2301511644782,94.88181582989816,0,0,31,9,49.08689819824278,62.825,97.34401947062952,26.220453957474536,0.4173570068837968,1,5,23.813434002894276,40,0,0.0
280,LIBRE,23.720718643783016,23.099510453632806,24.496085078321734,1.3965746246889275,23.720718643783016,0.0,15.917230401910068,1359.2453182271206,94.88287457513206,0,0,31,9,49.105329771737416,62.825,97.26667351395326,26.220718643783016,0.4173612199567531,1,5,23.813434002894276,40,0,0.0
281,LIBRE,23.72098159074745,23.101409254148525,24.494914162772645,1.39350490862412,23.72098159074745,0.0,15.917230401910068,1359.2603856218198,94.8839263629898,0,0,31,9,49.12507523112339,62.825,97.186134045563,26.22098159074745,0.4173654053441695,1,5,23.813434002894276,40,0,0.0
282,LIBRE,23.721242826045565,23.103385809778466,24.493705976508757,1.390320166730291,23.721242826045565,0.0,15.917230401910068,1359.2753549345648,94.88497130418226,0,0,31,9,49.14608687115992,62.825,97.10239272257104,26.221242826045568,0.41736956348659876,1,5,23.813434002894276,40,0,0.0
283,LIBRE,23.721502376288754,23.105436721334737,24.492460213119884,1.387023491785147,23.721502376288754,0.0,15.917230401910068,1359.290227690243,94.88600950515502,0,0,31,9,49.16831838604469,62.825,97.01544217577475,26.221502376288754,0.41737369480762043,1,5,23.813434002894276,40,0,0.0
284,LIBRE,23.721760267038206,23.107558691203586,24.491176567590227,1.3836178763866407,23.721760267038206,0.0,15.917230401910068,1359.3050053535621,94.88704106815283,0,0,31,9,49.19172485073028,62.825,96.92527604359111,26.221760267038206,0.417377799714098,1,5,23.813434002894276,40,0,0.0
285,LIBRE,23.722016522824116,23.10974852247276,24.489854736618817,1.380106214146057,23.722016522824116,0.0,15.917230401910068,1359.3196893301524,94.88806609129647,0,0,31,9,49.216262700243874,62.825,96.83188900584855,26.222016522824116,0.4173818785964841,1,5,23.813434002894276,40,0,0.0
286,LIBRE,23.72227116716777,23.1120031178507,24.48849441895044,1.3764913010997404,23.72227116716777,0.0,15.917230401910068,1359.3342809678306,94.88908466867107,0,0,31,9,49.241889707277494,62.825,96.73527681738824,26.22227116716777,0.4173859318291726,1,5,23.813434002894276,40,0,0.0
287,LIBRE,23.722524222606346,23.114319478401534,24.48709531571718,1.372775837315647,23.722524222606346,0.0,15.917230401910068,1359.3487815580238,94.89009689042538,0,0,31,9,49.268564958286674,62.825,96.63543634140979,26.222524222606342,0.4173899597708928,1,5,23.813434002894276,40,0,0.0
288,LIBRE,23.722775710720203,23.11499544417574,24.485657130790603,1.3706616866148629,23.722775710720203,0.0,15.917230401910068,1359.3631923373298,94.89110284288081,0,0,31,9,49.29624882832587,62.825,96.53236558250342,26.222775710720203,0.41739396276514446,1,5,23.813434002894276,40,0,0.0
289,LIBRE,23.723025652162498,23.115728961370838,24.484179571144594,1.368450609773756,23.723025652162498,0.0,15.917230401910068,1359.3775144892159,94.89210260864999,0,0,31,9,49.32490295482421,62.825,96.42606371929969,26.223025652162494,0.4173979411406684,1,5,23.813434002894276,40,0,0.0
290,LIBRE,23.72327406669084,23.116569233297724,24.482662347228878,1.3660931139311536,23.72327406669084,0.0,15.917230401910068,1359.3917491458342,94.89309626676337,0,0,31,9,49.354490210490155,62.825,96.31653113667903,26.22327406669084,0.4174018952119513,1,5,23.813434002894276,40,0,0.0
291,LIBRE,23.72352097320086,23.117512518237177,24.481105173353214,1.3635926551160367,23.72352097320086,0.0,15.917230401910068,1359.4058973899419,94.89408389280344,0,0,30,10,49.384974675518436,62.825,96.20376945747103,26.223520973200863,0.41740582527975906,1,5,23.813434002894276,40,0,0.0
292,LIBRE,23.72376638976138,23.118555144911316,24.47950776808215,1.360952623170835,23.72376638976138,0.0,15.917230401910068,1359.4199602569195,94.89506555904552,0,0,30,10,49.40603275959535,62.825,96.08778157357028,26.22376638976138,0.41740973163169726,1,5,23.813434002894276,40,0,0.0
293,LIBRE,23.72401033365099,23.119693515157838,24.477869854640346,1.3581763394825082,23.72401033365099,0.0,15.917230401910068,1359.4339387368655,94.89604133460396,0,0,30,10,49.41503118480324,62.825,95.96857167640928,26.224010333650988,0.41741361454279324,1,5,23.813434002894276,40,0,0.0
294,LIBRE,23.724252821395833,23.12092410618138,24.4761911613283,1.3552670551469177,23.724252821395833,0.0,15.917230401910068,1359.4478337767607,94.89701128558333,0,0,30,10,49.42549357280751,62.825,95.84614528669636,26.224252821395833,0.4174174742760976,1,5,23.813434002894276,40,0,0.0
295,LIBRE,23.72449386880829,23.12224347241039,24.474471421948305,1.352227949537916,23.72449386880829,0.0,15.917230401910068,1359.4616462826875,94.89797547523315,0,0,30,10,49.43737173850525,62.825,95.72050928336944,26.22449386880829,0.41742131108329944,1,5,23.813434002894276,40,0,0.0
296,LIBRE,23.724733491026388,23.123648246987447,24.472710376240588,1.3490621292531415,23.724733491026388,0.0,15.917230401910068,1359.4753771220853,94.89893396410555,0,0,30,10,49.45061867129073,62.825,95.5916719316665,26.224733491026388,0.41742512520535435,1,5,23.813434002894276,40,0,0.0
297,LIBRE,23.72497170255373,23.125135142919774,24.47090777032928,1.3457726274095059,23.72497170255373,0.0,15.917230401910068,1359.4890271260394,94.89988681021492,0,0,30,10,49.46518853638065,62.825,95.45964291025484,26.224971702553734,0.4174289168731195,1,5,23.813434002894276,40,0,0.0
298,LIBRE,23.725208517299638,23.12670095391611,24.46906335717804,1.3423624032619301,23.725208517299638,0.0,15.917230401910068,1359.5025970915829,94.90083406919855,0,0,30,10,49.48103667303019,62.825,95.32443333733045,26.225208517299638,0.41743268630799263,1,5,23.813434002894276,40,0,0.0
299,LIBRE,23.725443948619347,23.12834255493478,24.46717689705511,1.3388343421203324,23.725443948619347,0.0,15.917230401910068,1359.5160877839976,94.90177579447739,0,0,30,10,49.498119589932685,62.825,95.18605579561199,26.225443948619347,0.41743643372255224,1,5,23.813434002894276,40,0,0.0
