segundo,estado_sim,num_cars,num_trucks,num_aggressive,num_cautious,avg_velocity,min_velocity,max_velocity,velocity_variance,car_mean_velocity,car_velocity_variance,truck_mean_velocity,truck_velocity_variance,throughput_per_second,cumulative_throughput,throughput_per_min,vehicles_cruising,vehicles_braking,vehicles_stopped,vehicles_accelerating,min_gap,max_gap,avg_gap,std_gap,median_gap,near_collisions,hard_brakes,avg_acceleration,max_acceleration,min_acceleration
1,ESTABILIZANDO,8,22,30,0,0.493,0.4,0.75,0.024,0.75,0.0,0.4,0.0,1,1,60,0,0,30,8,71.58,78.97,73.64,3.17,71.78,0,0,0.493,0.75,0.4
2,ESTABILIZANDO,8,22,30,0,0.987,0.8,1.5,0.096,1.5,0.0,0.8,0.0,0,1,0,0,0,22,8,71.04,79.51,73.64,3.39,71.78,0,0,0.493,0.75,0.4
3,ESTABILIZANDO,8,22,30,0,1.48,1.2,2.25,0.216,2.25,0.0,1.2,0.0,0,1,0,0,0,0,8,70.15,80.4,73.64,3.78,71.78,0,0,0.493,0.75,0.4
4,ESTABILIZANDO,8,22,30,0,1.973,1.6,3.0,0.383,3.0,0.0,1.6,0.0,0,1,0,0,0,0,8,68.91,81.65,73.64,4.36,71.78,0,0,0.493,0.75,0.4
5,ESTABILIZANDO,8,22,30,0,2.467,2.0,3.75,0.599,3.75,0.0,2.0,0.0,0,1,0,0,0,0,8,67.31,83.24,73.64,5.16,71.78,0,0,0.493,0.75,0.4
6,ESTABILIZANDO,8,22,30,0,2.96,2.4,4.5,0.862,4.5,0.0,2.4,0.0,0,1,0,0,0,0,8,65.37,85.18,73.64,6.18,71.78,0,0,0.493,0.75,0.4
7,ESTABILIZANDO,8,22,30,0,3.453,2.8,5.25,1.174,5.25,0.0,2.8,0.0,0,1,0,0,0,0,8,63.08,87.47,73.64,7.42,71.78,0,0,0.493,0.75,0.4
8,ESTABILIZANDO,8,22,30,0,3.947,3.2,6.0,1.533,6.0,0.0,3.2,0.0,0,1,0,0,0,0,8,60.44,90.12,73.64,8.88,71.78,0,0,0.493,0.75,0.4
9,ESTABILIZANDO,8,22,30,0,4.44,3.6,6.75,1.94,6.75,0.0,3.6,0.0,0,1,0,0,0,0,8,57.44,93.11,73.64,10.56,71.78,0,0,0.493,0.75,0.4
10,ESTABILIZANDO,8,22,30,0,4.933,4.0,7.5,2.396,7.5,0.0,4.0,0.0,0,1,0,0,0,0,8,54.1,96.45,73.64,12.45,71.78,0,0,0.493,0.75,0.4
11,FRENANDO,8,22,30,0,5.692,0.0,8.928,4.21,8.785,0.012,4.567,0.993,0,1,0,0,1,1,29,50.36,100.3,73.64,14.61,71.78,0,10,0.611,1.418,-8.0
12,FRENANDO,8,22,30,0,6.549,0.0,10.331,5.228,9.956,0.081,5.311,1.344,0,1,0,0,1,1,29,46.29,104.76,73.64,17.09,71.78,0,20,0.573,1.39,-8.0
13,RECUPERANDO,8,22,30,0,7.366,0.08,11.703,6.079,10.981,0.293,6.051,1.701,0,1,0,0,0,1,30,42.06,109.82,73.64,19.81,71.78,0,29,0.818,1.356,0.615
14,RECUPERANDO,8,22,30,0,8.154,0.878,13.036,6.372,11.834,0.786,6.816,1.688,0,1,0,0,0,1,25,37.91,115.43,73.64,22.62,71.78,0,29,0.763,1.314,0.471
15,RECUPERANDO,8,22,30,0,8.887,1.677,14.322,6.448,12.505,1.711,7.571,1.678,0,1,0,0,0,0,24,34.08,121.56,73.64,25.39,71.78,0,29,0.709,1.262,0.242
16,RECUPERANDO,8,22,30,0,9.568,2.476,15.55,6.38,13.012,3.133,8.315,1.678,0,1,0,0,0,0,24,30.77,128.15,73.64,28.02,71.78,0,29,0.659,1.197,0.077
17,RECUPERANDO,8,22,30,0,10.204,3.274,16.703,6.243,13.389,4.915,9.046,1.696,0,1,0,0,0,0,24,28.13,135.14,73.64,30.45,71.78,0,29,0.619,1.115,-0.0
18,RECUPERANDO,8,22,30,0,10.805,4.073,17.762,6.067,13.676,6.716,9.761,1.744,0,1,0,0,0,0,22,26.22,142.45,73.64,32.66,71.78,0,29,0.588,1.009,0.007
19,RECUPERANDO,8,22,30,0,11.38,4.871,18.699,5.836,13.909,8.131,10.461,1.831,0,1,0,0,0,0,22,25.02,149.98,73.64,34.64,71.78,0,29,0.565,0.874,0.058
20,RECUPERANDO,8,22,30,0,11.935,5.669,19.483,5.524,14.111,8.873,11.144,1.96,1,2,60,0,0,0,22,24.44,157.6,73.64,36.41,71.78,0,29,0.547,0.797,-0.051
21,RECUPERANDO,8,22,30,0,12.473,6.466,20.077,5.13,14.297,8.871,11.81,2.121,0,2,0,0,0,0,21,22.78,165.14,73.64,37.99,71.78,0,29,0.532,0.796,-0.24
22,RECUPERANDO,8,22,30,0,12.998,7.26,20.453,4.68,14.48,8.234,12.459,2.298,0,2,0,0,0,0,20,21.45,172.41,73.64,39.37,71.78,0,29,0.519,0.794,-0.342
23,RECUPERANDO,8,22,30,0,13.511,8.053,20.596,4.212,14.671,7.158,13.089,2.474,0,2,0,0,0,0,20,20.8,179.19,73.64,40.56,71.78,0,29,0.508,0.791,-0.359
24,RECUPERANDO,8,22,30,0,14.014,8.663,20.517,3.764,14.877,5.845,13.7,2.638,0,2,0,0,0,0,21,20.74,185.28,73.64,41.55,71.78,0,29,0.499,0.787,-0.305
25,RECUPERANDO,8,22,30,0,14.508,8.991,20.253,3.369,15.107,4.48,14.29,2.787,0,2,0,0,0,0,24,21.18,190.48,73.64,42.36,71.78,0,29,0.49,0.782,-0.333
26,RECUPERANDO,8,22,30,0,14.992,9.397,19.861,3.049,15.364,3.211,14.857,2.921,1,3,60,0,0,0,24,22.03,194.66,73.64,42.98,71.78,0,29,0.481,0.776,-0.43
27,RECUPERANDO,8,22,30,0,15.468,9.869,19.409,2.816,15.65,2.145,15.402,3.043,0,3,0,0,0,0,24,23.21,197.74,73.64,43.42,71.78,0,29,0.471,0.768,-0.461
28,RECUPERANDO,8,22,30,0,15.933,10.392,18.959,2.667,15.966,1.33,15.922,3.153,0,3,0,0,0,0,24,24.65,199.74,73.64,43.69,71.78,0,29,0.461,0.759,-0.433
29,RECUPERANDO,8,22,30,0,16.388,10.953,18.562,2.589,16.308,0.767,16.417,3.248,0,3,0,0,0,0,19,26.31,200.72,73.64,43.82,71.77,0,29,0.449,0.748,-0.363
30,RECUPERANDO,8,22,30,0,16.829,11.543,18.577,2.559,16.67,0.42,16.886,3.325,0,3,0,0,0,0,10,28.14,200.77,73.64,43.83,71.77,0,29,0.435,0.734,-0.267
31,RECUPERANDO,8,22,30,0,17.255,12.151,19.093,2.558,17.048,0.235,17.331,3.381,1,4,60,0,0,0,4,30.1,200.03,73.64,43.73,71.77,0,29,0.42,0.719,-0.162
32,RECUPERANDO,8,22,30,0,17.666,12.771,19.57,2.566,17.434,0.159,17.75,3.415,0,4,0,0,0,0,3,30.32,198.65,73.64,43.55,71.77,0,29,0.403,0.701,-0.059
33,RECUPERANDO,8,22,30,0,18.059,13.213,20.01,2.574,17.823,0.146,18.144,3.429,0,4,0,0,0,0,2,30.34,198.16,73.64,43.32,71.76,0,29,0.384,0.682,-0.07
34,RECUPERANDO,8,22,30,0,18.432,13.521,20.413,2.572,18.208,0.164,18.514,3.422,0,4,0,0,0,0,2,30.7,201.76,73.64,43.04,71.75,0,29,0.365,0.659,-0.059
35,RECUPERANDO,8,22,30,0,18.787,13.876,20.78,2.557,18.584,0.191,18.86,3.397,0,4,0,0,0,0,2,31.35,205.07,73.64,42.73,71.74,0,29,0.345,0.635,-0.03
36,RECUPERANDO,8,22,30,0,19.121,14.27,21.113,2.529,18.948,0.216,19.183,3.356,1,5,60,0,0,0,2,32.24,208.1,73.64,42.41,71.71,0,29,0.325,0.609,-0.044
37,RECUPERANDO,8,22,30,0,19.434,14.692,21.416,2.489,19.296,0.233,19.484,3.299,0,5,0,0,0,0,2,33.32,210.84,73.64,42.08,71.67,0,29,0.305,0.592,-0.078
38,RECUPERANDO,8,22,30,0,19.728,15.136,21.689,2.438,19.627,0.242,19.765,3.231,0,5,0,0,0,0,2,34.56,213.3,73.64,41.75,71.61,0,29,0.284,0.574,-0.094
39,RECUPERANDO,8,22,30,0,20.001,15.593,21.937,2.378,19.937,0.243,20.025,3.152,0,5,0,0,0,0,2,35.91,215.49,73.64,41.42,71.52,0,29,0.265,0.555,-0.093
40,RECUPERANDO,8,22,30,0,20.256,15.995,22.161,2.312,20.228,0.238,20.266,3.066,1,6,60,0,0,0,1,36.43,217.42,73.64,41.09,71.4,0,29,0.246,0.532,-0.077
41,RECUPERANDO,8,22,30,0,20.491,16.218,22.363,2.243,20.498,0.229,20.489,2.975,0,6,0,0,0,0,1,36.63,219.09,73.64,40.77,71.24,0,29,0.228,0.508,-0.062
42,RECUPERANDO,8,22,30,0,20.709,16.474,22.545,2.17,20.747,0.218,20.696,2.879,0,6,0,0,0,0,0,37.04,220.52,73.64,40.45,71.02,0,29,0.21,0.483,-0.086
43,RECUPERANDO,8,22,30,0,20.911,16.757,22.709,2.097,20.977,0.206,20.887,2.782,0,6,0,0,0,0,0,37.64,221.73,73.64,40.13,70.74,0,29,0.194,0.456,-0.099
44,RECUPERANDO,8,22,30,0,21.096,17.059,22.857,2.023,21.187,0.193,21.063,2.685,1,7,60,0,0,0,0,38.39,222.73,73.64,39.82,70.4,0,29,0.178,0.432,-0.101
45,RECUPERANDO,8,22,30,0,21.266,17.374,22.991,1.951,21.379,0.182,21.225,2.588,0,7,0,0,0,0,0,39.26,223.53,73.64,39.52,69.97,0,29,0.164,0.416,-0.093
46,RECUPERANDO,8,22,30,0,21.423,17.697,23.111,1.88,21.554,0.172,21.375,2.493,0,7,0,0,0,0,0,40.22,224.15,73.64,39.21,69.46,0,29,0.151,0.398,-0.078
47,RECUPERANDO,8,22,30,0,21.566,17.944,23.219,1.811,21.712,0.163,21.513,2.4,1,8,60,0,0,0,0,41.06,224.61,73.64,38.92,68.87,0,29,0.138,0.378,-0.083
48,RECUPERANDO,8,22,30,0,21.698,18.104,23.316,1.745,21.855,0.156,21.641,2.31,0,8,0,0,0,0,0,41.23,224.91,73.64,38.62,68.2,0,29,0.126,0.358,-0.092
49,RECUPERANDO,8,22,30,0,21.818,18.285,23.403,1.681,21.984,0.151,21.758,2.224,0,8,0,0,0,0,0,41.55,225.08,73.64,38.33,68.25,0,29,0.115,0.336,-0.095
50,RECUPERANDO,8,22,30,0,21.928,18.481,23.48,1.62,22.099,0.148,21.866,2.141,0,8,0,0,0,0,0,41.99,225.13,73.64,38.04,68.77,0,29,0.105,0.315,-0.092
51,RECUPERANDO,8,22,30,0,22.028,18.688,23.55,1.562,22.202,0.146,21.965,2.062,1,9,60,0,0,0,0,42.54,225.07,73.64,37.76,69.21,0,29,0.096,0.295,-0.084
52,RECUPERANDO,8,22,30,0,22.12,18.902,23.612,1.507,22.293,0.147,22.057,1.986,0,9,0,0,0,0,0,43.17,224.91,73.64,37.48,69.59,0,29,0.088,0.283,-0.072
53,RECUPERANDO,8,22,30,0,22.203,19.119,23.667,1.455,22.373,0.151,22.142,1.915,0,9,0,0,0,0,0,43.8,224.66,73.64,37.21,69.81,0,29,0.08,0.269,-0.079
54,RECUPERANDO,8,22,30,0,22.279,19.27,23.716,1.405,22.443,0.157,22.219,1.846,1,10,60,0,0,0,0,43.93,224.34,73.64,36.94,69.44,0,29,0.073,0.254,-0.082
55,RECUPERANDO,8,22,30,0,22.348,19.377,23.806,1.359,22.504,0.166,22.291,1.781,0,10,0,0,0,0,0,44.01,223.95,73.64,36.67,69.05,0,29,0.066,0.239,-0.082
56,RECUPERANDO,8,22,30,0,22.411,19.496,23.912,1.316,22.556,0.179,22.358,1.719,1,11,60,0,0,0,0,44.06,223.5,73.64,36.4,68.64,0,29,0.06,0.224,-0.078
57,RECUPERANDO,8,22,30,0,22.468,19.624,24.005,1.276,22.601,0.196,22.419,1.66,0,11,0,1,0,0,0,43.99,223.0,73.64,36.14,68.22,0,29,0.054,0.209,-0.072
58,RECUPERANDO,8,22,30,0,22.519,19.758,24.088,1.238,22.638,0.216,22.476,1.603,0,11,0,1,0,0,0,43.86,222.46,73.64,35.89,67.8,0,29,0.049,0.195,-0.064
59,RECUPERANDO,8,22,30,0,22.566,19.896,24.161,1.203,22.668,0.241,22.529,1.548,0,11,0,1,0,0,0,43.7,221.87,73.64,35.64,68.07,0,29,0.045,0.186,-0.067
60,RECUPERANDO,8,22,30,0,22.609,20.036,24.225,1.171,22.693,0.269,22.578,1.496,0,11,0,1,0,0,0,43.51,221.26,73.64,35.39,68.58,0,29,0.041,0.177,-0.068
61,RECUPERANDO,8,22,30,0,22.648,20.16,24.281,1.142,22.713,0.302,22.624,1.445,1,12,60,1,0,0,0,43.32,220.61,73.64,35.15,69.08,0,29,0.037,0.167,-0.068
62,RECUPERANDO,8,22,30,0,22.683,20.224,24.33,1.115,22.729,0.338,22.666,1.396,0,12,0,1,0,0,0,43.11,219.94,73.64,34.91,69.56,0,29,0.034,0.158,-0.065
63,RECUPERANDO,8,22,30,0,22.715,20.296,24.373,1.09,22.74,0.378,22.705,1.349,0,12,0,1,0,0,0,42.9,219.25,73.64,34.67,70.03,0,29,0.031,0.148,-0.062
64,RECUPERANDO,8,22,30,0,22.744,20.374,24.411,1.067,22.749,0.42,22.742,1.302,0,12,0,1,0,0,0,42.69,218.55,73.64,34.44,70.48,0,29,0.028,0.139,-0.062
65,RECUPERANDO,8,22,30,0,22.77,20.456,24.444,1.046,22.755,0.465,22.776,1.257,1,13,60,1,0,0,0,42.49,217.83,73.64,34.21,70.91,0,29,0.025,0.13,-0.06
66,RECUPERANDO,8,22,30,0,22.795,20.542,24.473,1.026,22.759,0.51,22.807,1.213,0,13,0,1,0,0,0,42.29,217.09,73.64,33.98,71.34,0,29,0.023,0.122,-0.057
67,RECUPERANDO,8,22,30,0,22.817,20.629,24.498,1.008,22.762,0.556,22.837,1.17,0,13,0,1,0,0,0,42.11,216.35,73.64,33.76,71.75,0,29,0.021,0.116,-0.057
68,RECUPERANDO,8,22,30,0,22.837,20.716,24.519,0.99,22.763,0.601,22.864,1.129,0,13,0,2,0,0,0,41.95,215.6,73.64,33.53,72.15,0,29,0.02,0.111,-0.056
69,RECUPERANDO,8,22,30,0,22.856,20.797,24.538,0.973,22.764,0.644,22.89,1.088,1,14,60,2,0,0,0,41.8,214.84,73.64,33.32,72.54,0,29,0.018,0.105,-0.053
70,RECUPERANDO,8,22,30,0,22.874,20.837,24.554,0.956,22.765,0.685,22.913,1.049,0,14,0,2,0,0,0,41.68,214.07,73.64,33.1,72.92,0,29,0.017,0.1,-0.054
71,RECUPERANDO,8,22,30,0,22.89,20.881,24.568,0.94,22.765,0.722,22.935,1.011,0,14,0,2,0,0,0,41.57,213.31,73.64,32.89,73.29,0,29,0.016,0.095,-0.056
72,RECUPERANDO,8,22,30,0,22.905,20.928,24.58,0.923,22.766,0.756,22.955,0.974,1,15,60,2,0,0,0,41.49,212.54,73.64,32.69,73.65,0,29,0.015,0.089,-0.058
73,RECUPERANDO,8,22,30,0,22.919,20.978,24.59,0.907,22.767,0.785,22.974,0.939,0,15,0,2,0,0,0,41.42,211.76,73.64,32.48,74.01,0,29,0.014,0.084,-0.059
74,RECUPERANDO,8,22,30,0,22.932,21.029,24.599,0.89,22.769,0.809,22.992,0.906,0,15,0,2,0,0,0,41.37,210.99,73.64,32.28,74.35,0,29,0.013,0.079,-0.06
75,RECUPERANDO,8,22,30,0,22.945,21.082,24.606,0.873,22.771,0.829,23.008,0.874,0,15,0,2,0,0,0,41.35,210.21,73.64,32.09,74.51,0,29,0.012,0.075,-0.06
76,RECUPERANDO,8,22,30,0,22.956,21.136,24.613,0.856,22.774,0.844,23.023,0.844,1,16,60,2,0,0,0,41.34,209.44,73.64,31.9,74.6,0,29,0.011,0.072,-0.06
77,RECUPERANDO,8,22,30,0,22.968,21.19,24.618,0.839,22.777,0.854,23.037,0.816,0,16,0,1,0,0,0,41.35,208.67,73.64,31.71,74.68,0,29,0.011,0.069,-0.059
78,RECUPERANDO,8,22,30,0,22.978,21.214,24.622,0.822,22.781,0.859,23.05,0.789,0,16,0,2,0,0,0,41.37,207.89,73.64,31.52,74.77,0,29,0.01,0.066,-0.057
79,RECUPERANDO,8,22,30,0,22.988,21.225,24.626,0.805,22.785,0.86,23.062,0.764,0,16,0,2,0,0,0,41.4,207.12,73.64,31.34,74.62,0,29,0.01,0.063,-0.055
80,RECUPERANDO,8,22,30,0,22.997,21.232,24.628,0.787,22.79,0.857,23.073,0.741,1,17,60,2,0,0,0,41.42,206.35,73.64,31.17,74.06,0,29,0.009,0.06,-0.053
81,RECUPERANDO,8,22,30,0,23.006,21.237,24.631,0.77,22.795,0.85,23.083,0.719,0,17,0,2,0,0,0,41.44,205.58,73.64,30.99,73.53,0,29,0.009,0.057,-0.05
82,RECUPERANDO,8,22,30,0,23.014,21.246,24.632,0.753,22.801,0.84,23.092,0.699,0,17,0,2,0,0,0,41.47,204.81,73.64,30.82,73.03,0,29,0.008,0.055,-0.047
83,RECUPERANDO,8,22,30,0,23.022,21.258,24.633,0.736,22.806,0.827,23.101,0.68,1,18,60,2,0,0,0,41.51,204.05,73.64,30.66,72.55,0,29,0.008,0.052,-0.044
84,RECUPERANDO,8,22,30,0,23.03,21.274,24.634,0.719,22.812,0.811,23.109,0.662,0,18,0,2,0,0,0,41.56,203.28,73.64,30.5,72.62,0,29,0.007,0.05,-0.041
85,RECUPERANDO,8,22,30,0,23.037,21.293,24.634,0.703,22.819,0.794,23.117,0.646,0,18,0,2,0,0,0,41.62,202.52,73.64,30.34,72.87,0,29,0.007,0.048,-0.041
86,RECUPERANDO,8,22,30,0,23.044,21.315,24.634,0.687,22.825,0.775,23.124,0.631,0,18,0,2,0,0,0,41.69,201.76,73.64,30.18,72.77,0,29,0.007,0.045,-0.041
87,RECUPERANDO,8,22,30,0,23.051,21.339,24.634,0.671,22.831,0.755,23.131,0.616,1,19,60,2,0,0,0,41.76,201.01,73.64,30.03,72.66,0,29,0.006,0.044,-0.04
88,RECUPERANDO,8,22,30,0,23.057,21.365,24.634,0.655,22.838,0.734,23.137,0.603,0,19,0,2,0,0,0,41.84,200.25,73.64,29.88,72.55,0,29,0.006,0.042,-0.04
89,RECUPERANDO,8,22,30,0,23.063,21.392,24.633,0.641,22.844,0.712,23.143,0.591,0,19,0,2,0,0,0,41.93,199.5,73.64,29.73,72.45,0,29,0.006,0.041,-0.039
90,RECUPERANDO,8,22,30,0,23.069,21.421,24.632,0.626,22.85,0.69,23.148,0.579,0,19,0,2,0,0,0,42.02,198.75,73.64,29.59,72.35,0,29,0.006,0.039,-0.037
91,RECUPERANDO,8,22,30,0,23.074,21.45,24.631,0.612,22.856,0.668,23.153,0.568,1,20,60,2,0,0,0,42.11,198.0,73.64,29.45,72.25,0,29,0.005,0.038,-0.036
92,RECUPERANDO,8,22,30,0,23.079,21.48,24.63,0.599,22.862,0.646,23.158,0.558,0,20,0,2,0,0,0,42.21,197.26,73.64,29.31,72.16,0,29,0.005,0.037,-0.035
93,RECUPERANDO,8,22,30,0,23.084,21.511,24.628,0.586,22.868,0.625,23.163,0.548,0,20,0,2,0,0,0,42.3,196.51,73.64,29.18,72.08,0,29,0.005,0.036,-0.033
94,RECUPERANDO,8,22,30,0,23.089,21.542,24.627,0.573,22.873,0.603,23.167,0.539,0,20,0,2,0,0,0,42.4,195.77,73.64,29.04,71.85,0,29,0.005,0.034,-0.031
95,RECUPERANDO,8,22,30,0,23.093,21.573,24.625,0.561,22.879,0.583,23.172,0.531,1,21,60,2,0,0,0,42.5,195.03,73.64,28.91,71.46,0,29,0.004,0.033,-0.03
96,RECUPERANDO,8,22,30,0,23.098,21.605,24.623,0.55,22.884,0.562,23.175,0.523,0,21,0,2,0,0,0,42.6,194.3,73.64,28.78,71.42,0,29,0.004,0.032,-0.028
97,RECUPERANDO,8,22,30,0,23.102,21.636,24.621,0.539,22.889,0.543,23.179,0.515,0,21,0,2,0,0,0,42.7,193.56,73.64,28.66,71.38,0,29,0.004,0.031,-0.028
98,RECUPERANDO,8,22,30,0,23.106,21.667,24.619,0.528,22.894,0.524,23.183,0.508,1,22,60,2,0,0,0,42.8,192.83,73.64,28.53,71.33,0,29,0.004,0.031,-0.028
99,RECUPERANDO,8,22,30,0,23.11,21.697,24.617,0.518,22.899,0.506,23.186,0.501,0,22,0,2,0,0,0,42.9,192.1,73.64,28.41,71.29,0,29,0.004,0.031,-0.028
100,RECUPERANDO,8,22,30,0,23.113,21.728,24.615,0.509,22.903,0.489,23.19,0.494,0,22,0,2,0,0,0,42.99,191.38,73.64,28.29,71.24,0,29,0.004,0.03,-0.027
101,RECUPERANDO,8,22,30,0,23.117,21.758,24.613,0.499,22.907,0.473,23.193,0.487,1,23,60,2,0,0,0,43.09,190.65,73.64,28.17,71.2,0,29,0.003,0.03,-0.027
102,RECUPERANDO,8,22,30,0,23.12,21.787,24.611,0.491,22.912,0.457,23.196,0.481,0,23,0,2,0,0,0,43.19,189.93,73.64,28.06,71.16,0,29,0.003,0.029,-0.027
103,RECUPERANDO,8,22,30,0,23.123,21.816,24.608,0.482,22.916,0.442,23.199,0.475,0,23,0,2,0,0,0,43.28,189.2,73.64,27.94,71.12,0,29,0.003,0.029,-0.027
104,RECUPERANDO,8,22,30,0,23.127,21.845,24.606,0.474,22.92,0.428,23.202,0.47,1,24,60,2,0,0,0,43.37,188.49,73.64,27.83,71.08,0,29,0.003,0.028,-0.026
105,RECUPERANDO,8,22,30,0,23.13,21.873,24.603,0.466,22.924,0.415,23.205,0.464,0,24,0,2,0,0,0,43.47,187.77,73.64,27.72,71.04,0,29,0.003,0.028,-0.026
106,RECUPERANDO,8,22,30,0,23.133,21.9,24.601,0.459,22.928,0.403,23.207,0.459,1,25,60,2,0,0,0,43.56,187.05,73.64,27.61,71.01,0,29,0.003,0.027,-0.025
107,RECUPERANDO,8,22,30,0,23.136,21.927,24.598,0.452,22.931,0.391,23.21,0.454,0,25,0,2,0,0,0,43.65,186.34,73.64,27.5,70.99,0,29,0.003,0.027,-0.025
108,RECUPERANDO,8,22,30,0,23.138,21.954,24.596,0.445,22.935,0.38,23.212,0.449,1,26,60,2,0,0,0,43.73,185.62,73.64,27.39,70.96,0,29,0.003,0.026,-0.024
109,RECUPERANDO,8,22,30,0,23.141,21.98,24.593,0.439,22.939,0.369,23.215,0.444,0,26,0,2,0,0,0,43.82,184.91,73.64,27.28,70.94,0,29,0.003,0.026,-0.023
110,RECUPERANDO,8,22,30,0,23.144,22.005,24.591,0.432,22.942,0.359,23.217,0.439,0,26,0,2,0,0,0,43.9,184.2,73.64,27.18,71.18,0,29,0.003,0.025,-0.022
111,RECUPERANDO,8,22,30,0,23.146,22.03,24.588,0.426,22.946,0.349,23.219,0.435,0,26,0,2,0,0,0,43.99,183.5,73.64,27.08,71.48,0,29,0.003,0.025,-0.022
112,RECUPERANDO,8,22,30,0,23.149,22.048,24.585,0.421,22.949,0.34,23.221,0.43,0,26,0,2,0,0,0,44.07,182.79,73.64,26.97,71.78,0,29,0.002,0.024,-0.022
113,RECUPERANDO,8,22,30,0,23.151,22.06,24.582,0.415,22.953,0.332,23.223,0.426,1,27,60,2,0,0,0,44.15,182.09,73.64,26.87,72.08,0,29,0.002,0.024,-0.022
114,RECUPERANDO,8,22,30,0,23.154,22.073,24.58,0.41,22.956,0.324,23.225,0.422,0,27,0,2,0,0,0,44.23,181.38,73.64,26.77,72.37,0,29,0.002,0.023,-0.022
115,RECUPERANDO,8,22,30,0,23.156,22.086,24.577,0.405,22.959,0.316,23.227,0.418,0,27,0,2,0,0,0,44.31,180.68,73.64,26.67,72.6,0,29,0.002,0.023,-0.022
116,RECUPERANDO,8,22,30,0,23.158,22.099,24.574,0.4,22.963,0.309,23.229,0.414,0,27,0,2,0,0,0,44.39,179.98,73.64,26.58,72.53,0,29,0.002,0.022,-0.021
117,RECUPERANDO,8,22,30,0,23.161,22.113,24.571,0.395,22.966,0.302,23.231,0.41,1,28,60,2,0,0,0,44.46,179.28,73.64,26.48,72.47,0,29,0.002,0.022,-0.021
118,RECUPERANDO,8,22,30,0,23.163,22.127,24.568,0.39,22.97,0.295,23.233,0.406,0,28,0,2,0,0,0,44.54,178.58,73.64,26.39,72.4,0,29,0.002,0.021,-0.021
119,RECUPERANDO,8,22,30,0,23.165,22.141,24.565,0.386,22.973,0.289,23.235,0.403,0,28,0,2,0,0,0,44.61,177.89,73.64,26.29,72.34,0,29,0.002,0.021,-0.02
120,RECUPERANDO,8,22,30,0,23.167,22.155,24.562,0.381,22.976,0.282,23.237,0.399,1,29,60,2,0,0,0,44.68,177.19,73.64,26.2,72.28,0,29,0.002,0.021,-0.02
121,RECUPERANDO,8,22,30,0,23.169,22.169,24.559,0.377,22.98,0.277,23.238,0.396,0,29,0,2,0,0,0,44.75,176.5,73.64,26.11,72.23,0,29,0.002,0.02,-0.02
122,RECUPERANDO,8,22,30,0,23.171,22.183,24.556,0.373,22.983,0.271,23.24,0.392,0,29,0,2,0,0,0,44.82,175.81,73.64,26.02,72.17,0,29,0.002,0.02,-0.019
123,RECUPERANDO,8,22,30,0,23.173,22.197,24.552,0.369,22.987,0.265,23.241,0.389,0,29,0,2,0,0,0,44.89,175.11,73.64,25.93,72.12,0,29,0.002,0.019,-0.019
124,RECUPERANDO,8,22,30,0,23.176,22.211,24.549,0.365,22.99,0.26,23.243,0.386,1,30,60,2,0,0,0,44.96,174.42,73.64,25.84,72.07,0,29,0.002,0.019,-0.018
125,RECUPERANDO,8,22,30,0,23.178,22.226,24.546,0.361,22.994,0.255,23.244,0.383,0,30,0,2,0,0,0,45.03,173.73,73.64,25.75,72.03,0,29,0.002,0.019,-0.018
126,RECUPERANDO,8,22,30,0,23.18,22.24,24.543,0.357,22.997,0.249,23.246,0.38,0,30,0,2,0,0,0,45.09,173.04,73.64,25.66,71.99,0,29,0.002,0.018,-0.017
127,RECUPERANDO,8,22,30,0,23.181,22.247,24.539,0.354,23.0,0.244,23.247,0.377,0,30,0,2,0,0,0,45.16,172.36,73.64,25.57,71.95,0,29,0.002,0.018,-0.017
128,RECUPERANDO,8,22,30,0,23.183,22.253,24.536,0.35,23.004,0.24,23.249,0.375,0,30,0,2,0,0,0,45.22,171.67,73.64,25.49,71.91,0,29,0.002,0.018,-0.017
129,RECUPERANDO,8,22,30,0,23.185,22.261,24.533,0.347,23.007,0.235,23.25,0.372,0,30,0,2,0,0,0,45.27,170.99,73.64,25.41,71.88,0,29,0.002,0.017,-0.016
130,RECUPERANDO,8,22,30,0,23.187,22.268,24.529,0.343,23.011,0.23,23.251,0.369,0,30,0,2,0,0,0,45.25,170.3,73.64,25.32,71.86,0,29,0.002,0.017,-0.016
131,RECUPERANDO,8,22,30,0,23.189,22.276,24.526,0.34,23.014,0.225,23.253,0.367,0,30,0,2,0,0,0,45.23,169.62,73.64,25.24,72.09,0,29,0.002,0.017,-0.016
132,RECUPERANDO,8,22,30,0,23.191,22.284,24.522,0.337,23.018,0.221,23.254,0.364,1,31,60,3,0,0,0,45.22,168.93,73.64,25.16,72.05,0,29,0.002,0.017,-0.016
133,RECUPERANDO,8,22,30,0,23.193,22.292,24.519,0.334,23.021,0.216,23.255,0.362,0,31,0,3,0,0,0,45.21,168.25,73.64,25.08,72.02,0,29,0.002,0.016,-0.016
134,RECUPERANDO,8,22,30,0,23.195,22.3,24.515,0.331,23.024,0.212,23.257,0.359,0,31,0,3,0,0,0,45.2,167.57,73.64,25.0,71.99,0,29,0.002,0.016,-0.016
135,RECUPERANDO,8,22,30,0,23.196,22.309,24.511,0.328,23.028,0.208,23.258,0.357,0,31,0,3,0,0,0,45.19,166.89,73.64,24.92,71.96,0,29,0.002,0.016,-0.015
136,RECUPERANDO,8,22,30,0,23.198,22.318,24.508,0.325,23.031,0.203,23.259,0.355,0,31,0,3,0,0,0,45.19,166.21,73.64,24.84,71.93,0,29,0.002,0.016,-0.015
137,RECUPERANDO,8,22,30,0,23.2,22.327,24.504,0.322,23.034,0.199,23.26,0.353,1,32,60,3,0,0,0,45.18,165.53,73.64,24.76,71.9,0,29,0.002,0.015,-0.015
138,RECUPERANDO,8,22,30,0,23.202,22.336,24.5,0.319,23.038,0.195,23.261,0.351,0,32,0,3,0,0,0,45.18,164.85,73.64,24.68,71.87,0,29,0.002,0.015,-0.015
139,RECUPERANDO,8,22,30,0,23.203,22.346,24.496,0.316,23.041,0.19,23.262,0.348,0,32,0,3,0,0,0,45.18,164.18,73.64,24.61,71.85,0,29,0.002,0.015,-0.014
140,RECUPERANDO,8,22,30,0,23.205,22.355,24.492,0.313,23.044,0.186,23.263,0.346,0,32,0,3,0,0,0,45.19,163.5,73.64,24.53,71.83,0,29,0.002,0.015,-0.014
141,RECUPERANDO,8,22,30,0,23.207,22.365,24.489,0.31,23.048,0.182,23.265,0.344,0,32,0,3,0,0,0,45.19,162.83,73.64,24.46,71.8,0,29,0.002,0.014,-0.014
142,RECUPERANDO,8,22,30,0,23.208,22.373,24.485,0.308,23.051,0.178,23.266,0.343,1,33,60,3,0,0,0,45.2,162.15,73.64,24.39,71.79,0,29,0.002,0.014,-0.013
143,RECUPERANDO,8,22,30,0,23.21,22.375,24.481,0.305,23.054,0.174,23.267,0.341,0,33,0,3,0,0,0,45.2,161.48,73.64,24.31,71.77,0,29,0.002,0.014,-0.013
144,RECUPERANDO,8,22,30,0,23.212,22.378,24.477,0.303,23.057,0.17,23.268,0.339,0,33,0,3,0,0,0,45.21,160.8,73.64,24.24,71.75,0,29,0.002,0.014,-0.013
145,RECUPERANDO,8,22,30,0,23.213,22.381,24.472,0.3,23.06,0.166,23.269,0.337,0,33,0,3,0,0,0,45.22,160.13,73.64,24.17,71.74,0,29,0.002,0.014,-0.013
146,RECUPERANDO,8,22,30,0,23.215,22.384,24.468,0.298,23.063,0.162,23.27,0.335,1,34,60,3,0,0,0,45.24,159.46,73.64,24.1,71.73,0,29,0.002,0.013,-0.013
147,RECUPERANDO,8,22,30,0,23.216,22.388,24.464,0.295,23.066,0.158,23.271,0.334,0,34,0,3,0,0,0,45.25,158.79,73.64,24.03,71.72,0,29,0.002,0.013,-0.013
148,RECUPERANDO,8,22,30,0,23.218,22.392,24.46,0.293,23.069,0.154,23.272,0.332,0,34,0,3,0,0,0,45.26,158.12,73.64,23.96,71.84,0,29,0.001,0.013,-0.012
149,RECUPERANDO,8,22,30,0,23.219,22.397,24.456,0.29,23.072,0.151,23.273,0.33,0,34,0,3,0,0,0,45.28,157.45,73.64,23.89,71.83,0,29,0.001,0.013,-0.012
150,RECUPERANDO,8,22,30,0,23.221,22.401,24.451,0.288,23.075,0.147,23.274,0.329,1,35,60,3,0,0,0,45.3,156.78,73.64,23.82,71.81,0,29,0.001,0.013,-0.012
151,RECUPERANDO,8,22,30,0,23.222,22.406,24.447,0.286,23.078,0.143,23.275,0.327,0,35,0,3,0,0,0,45.31,156.11,73.64,23.76,71.79,0,29,0.001,0.012,-0.012
152,RECUPERANDO,8,22,30,0,23.223,22.412,24.443,0.283,23.08,0.139,23.276,0.326,0,35,0,3,0,0,0,45.33,155.45,73.64,23.69,71.78,0,29,0.001,0.012,-0.012
153,RECUPERANDO,8,22,30,0,23.225,22.417,24.438,0.281,23.083,0.136,23.277,0.324,0,35,0,3,0,0,0,45.35,154.78,73.64,23.63,71.77,0,29,0.001,0.012,-0.012
154,RECUPERANDO,8,22,30,0,23.226,22.423,24.434,0.279,23.085,0.132,23.277,0.323,1,36,60,3,0,0,0,45.37,154.12,73.64,23.56,71.75,0,29,0.001,0.012,-0.011
155,RECUPERANDO,8,22,30,0,23.228,22.429,24.429,0.277,23.088,0.129,23.278,0.321,0,36,0,3,0,0,0,45.39,153.45,73.64,23.5,71.74,0,29,0.001,0.012,-0.011
156,RECUPERANDO,8,22,30,0,23.229,22.435,24.424,0.275,23.09,0.125,23.279,0.32,0,36,0,3,0,0,0,45.41,152.79,73.64,23.43,71.73,0,29,0.001,0.012,-0.011
157,RECUPERANDO,8,22,30,0,23.23,22.441,24.42,0.273,23.093,0.122,23.28,0.318,0,36,0,3,0,0,0,45.44,152.13,73.64,23.37,71.72,0,29,0.001,0.011,-0.011
158,RECUPERANDO,8,22,30,0,23.232,22.448,24.415,0.271,23.095,0.118,23.281,0.317,1,37,60,3,0,0,0,45.46,151.47,73.64,23.31,71.72,0,29,0.001,0.011,-0.01
159,RECUPERANDO,8,22,30,0,23.233,22.454,24.41,0.269,23.097,0.115,23.282,0.316,0,37,0,3,0,0,0,45.48,150.81,73.64,23.25,71.71,0,29,0.001,0.011,-0.01
160,RECUPERANDO,8,22,30,0,23.234,22.461,24.405,0.267,23.1,0.112,23.283,0.314,0,37,0,3,0,0,0,45.51,150.15,73.64,23.19,71.7,0,29,0.001,0.011,-0.01
161,RECUPERANDO,8,22,30,0,23.235,22.468,24.401,0.265,23.102,0.108,23.284,0.313,1,38,60,3,0,0,0,45.53,149.49,73.64,23.13,71.7,0,29,0.001,0.011,-0.01
162,RECUPERANDO,8,22,30,0,23.236,22.475,24.396,0.263,23.104,0.105,23.285,0.312,0,38,0,3,0,0,0,45.56,148.83,73.64,23.07,71.7,0,29,0.001,0.011,-0.01
163,RECUPERANDO,8,22,30,0,23.238,22.482,24.391,0.261,23.106,0.102,23.286,0.31,0,38,0,3,0,0,0,45.58,148.17,73.64,23.01,71.7,0,29,0.001,0.011,-0.01
164,RECUPERANDO,8,22,30,0,23.239,22.489,24.386,0.259,23.107,0.099,23.287,0.309,0,38,0,3,0,0,0,45.61,147.52,73.64,22.95,71.7,0,29,0.001,0.011,-0.01
165,RECUPERANDO,8,22,30,0,23.24,22.497,24.381,0.258,23.109,0.096,23.287,0.308,1,39,60,3,0,0,0,45.64,146.86,73.64,22.89,71.7,0,29,0.001,0.011,-0.01
166,RECUPERANDO,8,22,30,0,23.241,22.504,24.375,0.256,23.111,0.093,23.288,0.307,0,39,0,3,0,0,0,45.66,146.21,73.64,22.84,71.7,0,29,0.001,0.01,-0.01
167,RECUPERANDO,8,22,30,0,23.242,22.511,24.37,0.254,23.113,0.09,23.289,0.306,1,40,60,3,0,0,0,45.69,145.56,73.64,22.78,71.69,0,29,0.001,0.01,-0.01
168,RECUPERANDO,8,22,30,0,23.243,22.516,24.365,0.252,23.114,0.087,23.29,0.304,0,40,0,3,0,0,0,45.72,144.91,73.64,22.73,71.69,0,29,0.001,0.01,-0.009
169,RECUPERANDO,8,22,30,0,23.244,22.519,24.36,0.251,23.116,0.084,23.291,0.303,0,40,0,3,0,0,0,45.75,144.26,73.64,22.67,71.68,0,29,0.001,0.01,-0.009
170,RECUPERANDO,8,22,30,0,23.245,22.523,24.354,0.249,23.117,0.081,23.292,0.302,1,41,60,3,0,0,0,45.78,143.61,73.64,22.62,71.68,0,29,0.001,0.01,-0.009
171,RECUPERANDO,8,22,30,0,23.246,22.526,24.349,0.248,23.118,0.079,23.293,0.301,0,41,0,3,0,0,0,45.8,142.96,73.64,22.56,71.68,0,29,0.001,0.01,-0.009
172,RECUPERANDO,8,22,30,0,23.247,22.53,24.344,0.246,23.12,0.076,23.293,0.3,0,41,0,3,0,0,0,45.83,142.32,73.64,22.51,71.68,0,29,0.001,0.01,-0.009
173,RECUPERANDO,8,22,30,0,23.248,22.534,24.338,0.245,23.121,0.074,23.294,0.299,1,42,60,3,0,0,0,45.86,141.67,73.64,22.46,71.68,0,29,0.001,0.01,-0.009
174,RECUPERANDO,8,22,30,0,23.249,22.539,24.333,0.243,23.122,0.071,23.295,0.297,0,42,0,3,0,0,0,45.89,141.03,73.64,22.41,71.68,0,29,0.001,0.01,-0.009
175,RECUPERANDO,8,22,30,0,23.25,22.543,24.327,0.242,23.123,0.069,23.296,0.296,0,42,0,3,0,0,0,45.92,140.39,73.64,22.36,71.68,0,29,0.001,0.01,-0.008
176,RECUPERANDO,8,22,30,0,23.251,22.548,24.321,0.24,23.124,0.066,23.297,0.295,1,43,60,3,0,0,0,45.95,139.75,73.64,22.31,71.68,0,29,0.001,0.009,-0.008
177,RECUPERANDO,8,22,30,0,23.252,22.552,24.316,0.239,23.125,0.064,23.298,0.294,0,43,0,3,0,0,0,45.98,139.11,73.64,22.26,71.68,0,29,0.001,0.009,-0.008
178,RECUPERANDO,8,22,30,0,23.252,22.557,24.31,0.237,23.125,0.062,23.299,0.293,0,43,0,3,0,0,0,46.01,138.47,73.64,22.21,71.69,0,29,0.001,0.009,-0.008
179,RECUPERANDO,8,22,30,0,23.253,22.562,24.304,0.236,23.126,0.06,23.3,0.292,0,43,0,3,0,0,0,46.04,137.84,73.64,22.16,71.69,0,29,0.001,0.009,-0.008
180,RECUPERANDO,8,22,30,0,23.254,22.567,24.298,0.235,23.127,0.058,23.3,0.291,1,44,60,3,0,0,0,46.07,137.2,73.64,22.11,71.7,0,29,0.001,0.009,-0.008
181,RECUPERANDO,8,22,30,0,23.255,22.573,24.292,0.233,23.127,0.056,23.301,0.29,0,44,0,3,0,0,0,46.1,136.57,73.64,22.06,71.71,0,29,0.001,0.009,-0.008
182,RECUPERANDO,8,22,30,0,23.256,22.578,24.291,0.232,23.128,0.054,23.302,0.289,1,45,60,3,0,0,0,46.13,135.94,73.64,22.02,71.66,0,29,0.001,0.009,-0.008
183,RECUPERANDO,8,22,30,0,23.256,22.583,24.29,0.231,23.128,0.052,23.303,0.288,0,45,0,3,0,0,0,46.16,135.31,73.64,21.97,71.52,0,29,0.001,0.009,-0.008
184,RECUPERANDO,8,22,30,0,23.257,22.589,24.289,0.23,23.128,0.05,23.304,0.287,0,45,0,3,0,0,0,46.19,134.68,73.64,21.92,71.38,0,29,0.001,0.009,-0.008
185,RECUPERANDO,8,22,30,0,23.258,22.595,24.287,0.228,23.128,0.048,23.305,0.286,1,46,60,3,0,0,0,46.22,134.06,73.64,21.88,71.24,0,29,0.001,0.009,-0.008
186,RECUPERANDO,8,22,30,0,23.258,22.6,24.286,0.227,23.129,0.047,23.306,0.285,0,46,0,3,0,0,0,46.25,133.43,73.64,21.83,71.11,0,29,0.001,0.009,-0.008
187,RECUPERANDO,8,22,30,0,23.259,22.603,24.284,0.226,23.129,0.045,23.306,0.283,0,46,0,3,0,0,0,46.28,132.81,73.64,21.79,71.09,0,29,0.001,0.008,-0.007
188,RECUPERANDO,8,22,30,0,23.26,22.605,24.283,0.225,23.129,0.044,23.307,0.282,0,46,0,3,0,0,0,46.31,132.19,73.64,21.75,71.1,0,29,0.001,0.008,-0.007
189,RECUPERANDO,8,22,30,0,23.26,22.608,24.281,0.224,23.129,0.042,23.308,0.281,1,47,60,3,0,0,0,46.34,131.57,73.64,21.7,71.1,0,29,0.001,0.008,-0.007
190,RECUPERANDO,8,22,30,0,23.261,22.611,24.28,0.223,23.129,0.041,23.309,0.28,0,47,0,3,0,0,0,46.37,130.96,73.64,21.66,71.11,0,29,0.001,0.008,-0.007
191,RECUPERANDO,8,22,30,0,23.261,22.614,24.278,0.222,23.128,0.04,23.31,0.279,0,47,0,3,0,0,0,46.4,130.34,73.64,21.62,71.11,0,29,0.001,0.008,-0.007
192,RECUPERANDO,8,22,30,0,23.262,22.617,24.276,0.221,23.128,0.038,23.311,0.278,1,48,60,4,0,0,0,46.43,129.73,73.64,21.58,71.12,0,29,0.001,0.008,-0.007
193,RECUPERANDO,8,22,30,0,23.263,22.62,24.274,0.22,23.128,0.037,23.312,0.277,0,48,0,4,0,0,0,46.46,129.12,73.64,21.54,71.13,0,29,0.001,0.008,-0.007
194,RECUPERANDO,8,22,30,0,23.263,22.624,24.272,0.219,23.127,0.036,23.312,0.276,0,48,0,4,0,0,0,46.48,128.51,73.64,21.5,71.14,0,29,0.001,0.008,-0.007
195,RECUPERANDO,8,22,30,0,23.264,22.627,24.271,0.218,23.127,0.035,23.313,0.275,0,48,0,4,0,0,0,46.51,127.91,73.64,21.46,71.15,0,29,0.001,0.008,-0.007
196,RECUPERANDO,8,22,30,0,23.264,22.631,24.269,0.217,23.127,0.034,23.314,0.274,1,49,60,4,0,0,0,46.54,127.3,73.64,21.42,71.16,0,29,0.0,0.008,-0.007
197,RECUPERANDO,8,22,30,0,23.265,22.635,24.266,0.216,23.126,0.033,23.315,0.273,0,49,0,4,0,0,0,46.57,126.7,73.64,21.38,71.17,0,29,0.0,0.008,-0.007
198,RECUPERANDO,8,22,30,0,23.265,22.639,24.264,0.215,23.125,0.033,23.316,0.272,0,49,0,4,0,0,0,46.6,126.1,73.64,21.34,71.18,0,29,0.0,0.008,-0.007
199,RECUPERANDO,8,22,30,0,23.266,22.643,24.262,0.214,23.125,0.032,23.317,0.271,0,49,0,4,0,0,0,46.63,125.5,73.64,21.3,71.2,0,29,0.0,0.008,-0.007
200,RECUPERANDO,8,22,30,0,23.266,22.647,24.26,0.214,23.124,0.031,23.318,0.27,1,50,60,4,0,0,0,46.66,124.91,73.64,21.26,71.21,0,29,0.0,0.008,-0.007
201,RECUPERANDO,8,22,30,0,23.266,22.651,24.258,0.213,23.123,0.031,23.318,0.269,0,50,0,4,0,0,0,46.69,124.32,73.64,21.23,71.23,0,29,0.0,0.008,-0.007
202,RECUPERANDO,8,22,30,0,23.267,22.656,24.255,0.212,23.123,0.03,23.319,0.268,0,50,0,4,0,0,0,46.72,123.73,73.64,21.19,71.24,0,29,0.0,0.008,-0.007
203,RECUPERANDO,8,22,30,0,23.267,22.66,24.253,0.211,23.122,0.03,23.32,0.267,1,51,60,4,0,0,0,46.75,123.14,73.64,21.15,71.26,0,29,0.0,0.007,-0.007
204,RECUPERANDO,8,22,30,0,23.268,22.664,24.25,0.21,23.121,0.029,23.321,0.266,0,51,0,4,0,0,0,46.78,122.55,73.64,21.12,71.18,0,29,0.0,0.007,-0.007
205,RECUPERANDO,8,22,30,0,23.268,22.668,24.248,0.21,23.12,0.029,23.322,0.265,0,51,0,4,0,0,0,46.81,121.97,73.64,21.08,71.19,0,29,0.0,0.007,-0.007
206,RECUPERANDO,8,22,30,0,23.268,22.67,24.245,0.209,23.119,0.029,23.323,0.264,1,52,60,4,0,0,0,46.83,121.39,73.64,21.05,71.2,0,29,0.0,0.007,-0.007
207,RECUPERANDO,8,22,30,0,23.269,22.672,24.242,0.208,23.118,0.029,23.323,0.263,0,52,0,4,0,0,0,46.86,120.81,73.64,21.01,71.21,0,29,0.0,0.007,-0.007
208,RECUPERANDO,8,22,30,0,23.269,22.674,24.24,0.208,23.117,0.029,23.324,0.262,0,52,0,4,0,0,0,46.89,120.24,73.64,20.98,71.22,0,29,0.0,0.007,-0.007
209,RECUPERANDO,8,22,30,0,23.269,22.677,24.237,0.207,23.116,0.029,23.325,0.26,1,53,60,4,0,0,0,46.92,120.08,73.64,20.94,71.23,0,29,0.0,0.007,-0.008
210,RECUPERANDO,8,22,30,0,23.27,22.679,24.234,0.206,23.115,0.029,23.326,0.259,0,53,0,4,0,0,0,46.95,119.94,73.64,20.91,71.24,0,29,0.0,0.007,-0.008
211,RECUPERANDO,8,22,30,0,23.27,22.681,24.231,0.206,23.114,0.029,23.327,0.258,0,53,0,4,0,0,0,46.97,119.8,73.64,20.88,71.25,0,29,0.0,0.007,-0.008
212,RECUPERANDO,8,22,30,0,23.27,22.684,24.228,0.205,23.113,0.029,23.328,0.257,1,54,60,4,0,0,0,47.0,119.66,73.64,20.84,71.26,0,29,0.0,0.007,-0.008
213,RECUPERANDO,8,22,30,0,23.271,22.687,24.225,0.205,23.112,0.029,23.328,0.256,0,54,0,4,0,0,0,47.03,119.51,73.64,20.81,71.27,0,29,0.0,0.007,-0.008
214,RECUPERANDO,8,22,30,0,23.271,22.69,24.222,0.204,23.111,0.029,23.329,0.255,1,55,60,4,0,0,0,47.06,119.35,73.64,20.78,71.29,0,29,0.0,0.007,-0.008
215,RECUPERANDO,8,22,30,0,23.271,22.693,24.219,0.204,23.11,0.03,23.33,0.254,0,55,0,4,0,0,0,47.09,119.19,73.64,20.75,71.3,0,29,0.0,0.007,-0.008
216,RECUPERANDO,8,22,30,0,23.272,22.696,24.215,0.203,23.109,0.03,23.331,0.253,0,55,0,4,0,0,0,47.11,119.03,73.64,20.71,71.32,0,29,0.0,0.007,-0.008
217,RECUPERANDO,8,22,30,0,23.272,22.699,24.212,0.203,23.108,0.03,23.332,0.252,1,56,60,4,0,0,0,47.14,118.86,73.64,20.68,71.33,0,29,0.0,0.007,-0.008
218,RECUPERANDO,8,22,30,0,23.272,22.702,24.208,0.202,23.107,0.031,23.332,0.251,0,56,0,4,0,0,0,47.14,118.69,73.64,20.65,71.35,0,29,0.0,0.007,-0.008
219,RECUPERANDO,8,22,30,0,23.273,22.706,24.205,0.202,23.106,0.031,23.333,0.25,0,56,0,4,0,0,0,47.12,118.51,73.64,20.62,71.37,0,29,0.0,0.007,-0.008
220,RECUPERANDO,8,22,30,0,23.273,22.709,24.201,0.201,23.104,0.032,23.334,0.249,1,57,60,4,0,0,0,47.1,118.33,73.64,20.59,71.39,0,29,0.0,0.007,-0.008
221,RECUPERANDO,8,22,30,0,23.273,22.713,24.198,0.201,23.103,0.033,23.335,0.248,0,57,0,4,0,0,0,47.08,118.15,73.64,20.56,71.41,0,29,0.0,0.007,-0.008
222,RECUPERANDO,8,22,30,0,23.273,22.716,24.194,0.2,23.102,0.033,23.336,0.247,0,57,0,4,0,0,0,47.07,117.96,73.64,20.53,71.48,0,29,0.0,0.007,-0.008
223,RECUPERANDO,8,22,30,0,23.274,22.72,24.19,0.2,23.101,0.034,23.336,0.245,0,57,0,3,0,0,0,47.05,117.76,73.64,20.5,71.55,0,29,0.0,0.007,-0.008
224,RECUPERANDO,8,22,30,0,23.274,22.722,24.186,0.199,23.1,0.035,23.337,0.244,1,58,60,3,0,0,0,47.03,117.56,73.64,20.47,71.55,0,29,0.0,0.007,-0.008
225,RECUPERANDO,8,22,30,0,23.274,22.724,24.182,0.199,23.099,0.036,23.338,0.243,0,58,0,3,0,0,0,47.02,117.36,73.64,20.44,71.56,0,29,0.0,0.007,-0.008
226,RECUPERANDO,8,22,30,0,23.275,22.725,24.178,0.199,23.098,0.036,23.339,0.242,0,58,0,3,0,0,0,47.0,117.15,73.64,20.41,71.57,0,29,0.0,0.006,-0.008
227,RECUPERANDO,8,22,30,0,23.275,22.727,24.174,0.198,23.097,0.037,23.34,0.241,1,59,60,3,0,0,0,46.99,116.94,73.64,20.38,71.58,0,29,0.0,0.006,-0.008
228,RECUPERANDO,8,22,30,0,23.275,22.729,24.17,0.198,23.096,0.038,23.34,0.24,0,59,0,3,0,0,0,46.97,116.72,73.64,20.35,71.59,0,29,0.0,0.006,-0.009
229,RECUPERANDO,8,22,30,0,23.275,22.731,24.166,0.198,23.095,0.039,23.341,0.239,0,59,0,3,0,0,0,46.96,116.5,73.64,20.33,71.6,0,29,0.0,0.006,-0.009
230,RECUPERANDO,8,22,30,0,23.276,22.733,24.163,0.197,23.094,0.04,23.342,0.238,1,60,60,3,0,0,0,46.94,116.28,73.64,20.3,71.61,0,29,0.0,0.006,-0.009
231,RECUPERANDO,8,22,30,0,23.276,22.735,24.162,0.197,23.093,0.041,23.343,0.237,0,60,0,3,0,0,0,46.93,116.05,73.64,20.27,71.62,0,29,0.0,0.006,-0.009
232,RECUPERANDO,8,22,30,0,23.276,22.737,24.161,0.196,23.092,0.042,23.343,0.236,0,60,0,3,0,0,0,46.92,115.81,73.64,20.24,71.63,0,29,0.0,0.006,-0.009
233,RECUPERANDO,8,22,30,0,23.277,22.74,24.16,0.196,23.091,0.043,23.344,0.235,0,60,0,3,0,0,0,46.91,115.58,73.64,20.21,71.64,0,29,0.0,0.006,-0.009
234,RECUPERANDO,8,22,30,0,23.277,22.742,24.159,0.196,23.09,0.044,23.345,0.233,0,60,0,3,0,0,0,46.89,115.33,73.64,20.19,71.65,0,29,0.0,0.006,-0.009
235,RECUPERANDO,8,22,30,0,23.277,22.745,24.158,0.195,23.089,0.045,23.346,0.232,1,61,60,3,0,0,0,46.88,115.09,73.64,20.16,71.67,0,29,0.0,0.006,-0.009
236,RECUPERANDO,8,22,30,0,23.277,22.747,24.157,0.195,23.088,0.047,23.346,0.231,0,61,0,3,0,0,0,46.87,114.84,73.64,20.13,71.68,0,29,0.0,0.006,-0.009
237,RECUPERANDO,8,22,30,0,23.278,22.75,24.155,0.195,23.087,0.048,23.347,0.23,0,61,0,3,0,0,0,46.86,114.58,73.64,20.1,71.69,0,29,0.0,0.006,-0.009
238,RECUPERANDO,8,22,30,0,23.278,22.753,24.154,0.194,23.086,0.049,23.348,0.229,0,61,0,3,0,0,0,46.86,114.32,73.64,20.08,71.71,0,29,0.0,0.006,-0.009
239,RECUPERANDO,8,22,30,0,23.278,22.756,24.153,0.194,23.086,0.05,23.349,0.228,0,61,0,3,0,0,0,46.85,114.06,73.64,20.05,71.73,0,29,0.0,0.006,-0.009
240,RECUPERANDO,8,22,30,0,23.279,22.759,24.151,0.194,23.085,0.051,23.349,0.227,0,61,0,3,0,0,0,46.84,113.8,73.64,20.02,71.74,0,29,0.0,0.006,-0.009
241,RECUPERANDO,8,22,30,0,23.279,22.762,24.15,0.193,23.084,0.053,23.35,0.226,1,62,60,3,0,0,0,46.83,113.53,73.64,20.0,71.76,0,29,0.0,0.006,-0.009
242,RECUPERANDO,8,22,30,0,23.279,22.764,24.148,0.193,23.083,0.054,23.351,0.225,0,62,0,3,0,0,0,46.82,113.25,73.64,19.97,71.78,0,29,0.0,0.006,-0.009
243,RECUPERANDO,8,22,30,0,23.28,22.765,24.146,0.193,23.083,0.055,23.351,0.224,0,62,0,3,0,0,0,46.82,112.97,73.64,19.94,71.8,0,29,0.0,0.006,-0.009
244,RECUPERANDO,8,22,30,0,23.28,22.767,24.144,0.192,23.082,0.056,23.352,0.223,0,62,0,3,0,0,0,46.81,112.69,73.64,19.92,71.87,0,29,0.0,0.006,-0.009
245,RECUPERANDO,8,22,30,0,23.28,22.768,24.143,0.192,23.082,0.058,23.353,0.221,0,62,0,3,0,0,0,46.81,112.41,73.64,19.89,71.97,0,29,0.0,0.006,-0.009
246,RECUPERANDO,8,22,30,0,23.281,22.77,24.141,0.192,23.081,0.059,23.353,0.22,1,63,60,3,0,0,0,46.8,112.12,73.64,19.87,72.08,0,29,0.0,0.006,-0.009
247,RECUPERANDO,8,22,30,0,23.281,22.771,24.139,0.191,23.081,0.06,23.354,0.219,0,63,0,3,0,0,0,46.8,111.82,73.64,19.84,72.19,0,29,0.0,0.006,-0.009
248,RECUPERANDO,8,22,30,0,23.282,22.773,24.137,0.191,23.08,0.062,23.355,0.218,0,63,0,3,0,0,0,46.79,111.72,73.64,19.81,72.29,0,29,0.0,0.006,-0.009
249,RECUPERANDO,8,22,30,0,23.282,22.775,24.135,0.191,23.08,0.063,23.355,0.217,0,63,0,3,0,0,0,46.79,111.65,73.64,19.79,72.34,0,29,0.0,0.006,-0.009
250,RECUPERANDO,8,22,30,0,23.282,22.777,24.133,0.191,23.08,0.064,23.356,0.216,0,63,0,3,0,0,0,46.79,111.58,73.64,19.76,72.33,0,29,0.0,0.006,-0.01
251,RECUPERANDO,8,22,30,0,23.283,22.778,24.13,0.19,23.079,0.065,23.357,0.215,1,64,60,3,0,0,0,46.79,111.5,73.64,19.74,72.33,0,29,0.0,0.006,-0.01
252,RECUPERANDO,8,22,30,0,23.283,22.78,24.128,0.19,23.079,0.067,23.357,0.214,0,64,0,3,0,0,0,46.78,111.42,73.64,19.71,72.33,0,29,0.0,0.006,-0.01
253,RECUPERANDO,8,22,30,0,23.284,22.783,24.126,0.189,23.079,0.068,23.358,0.213,0,64,0,3,0,0,0,46.78,111.33,73.64,19.69,72.33,0,29,0.0,0.005,-0.01
254,RECUPERANDO,8,22,30,0,23.284,22.785,24.123,0.189,23.079,0.069,23.359,0.212,0,64,0,3,0,0,0,46.78,111.24,73.64,19.66,72.33,0,29,0.0,0.005,-0.01
255,RECUPERANDO,8,22,30,0,23.284,22.787,24.121,0.189,23.079,0.071,23.359,0.211,1,65,60,3,0,0,0,46.78,111.15,73.64,19.64,72.33,0,29,0.0,0.005,-0.01
256,RECUPERANDO,8,22,30,0,23.285,22.789,24.118,0.188,23.079,0.072,23.36,0.21,0,65,0,3,0,0,0,46.78,111.05,73.64,19.61,72.33,0,29,0.0,0.005,-0.01
257,RECUPERANDO,8,22,30,0,23.285,22.792,24.115,0.188,23.079,0.073,23.36,0.209,0,65,0,3,0,0,0,46.78,110.95,73.64,19.58,72.34,0,29,0.0,0.005,-0.01
258,RECUPERANDO,8,22,30,0,23.286,22.794,24.113,0.188,23.079,0.075,23.361,0.208,0,65,0,3,0,0,0,46.78,110.85,73.64,19.56,72.34,0,29,0.0,0.005,-0.01
259,RECUPERANDO,8,22,30,0,23.286,22.797,24.11,0.187,23.079,0.076,23.362,0.207,0,65,0,2,0,0,0,46.78,110.74,73.64,19.53,72.34,0,29,0.0,0.005,-0.01
260,RECUPERANDO,8,22,30,0,23.287,22.797,24.107,0.187,23.079,0.077,23.362,0.205,1,66,60,2,0,0,0,46.79,110.62,73.64,19.51,72.35,0,29,0.0,0.005,-0.01
261,RECUPERANDO,8,22,30,0,23.287,22.798,24.104,0.187,23.079,0.079,23.363,0.204,0,66,0,2,0,0,0,46.79,110.5,73.64,19.48,72.35,0,29,0.0,0.005,-0.01
262,RECUPERANDO,8,22,30,0,23.288,22.799,24.101,0.186,23.079,0.08,23.363,0.203,0,66,0,3,0,0,0,46.79,110.38,73.64,19.46,72.36,0,29,0.0,0.005,-0.01
263,RECUPERANDO,8,22,30,0,23.288,22.799,24.098,0.186,23.08,0.081,23.364,0.202,0,66,0,3,0,0,0,46.79,110.26,73.64,19.44,72.36,0,29,0.001,0.005,-0.01
264,RECUPERANDO,8,22,30,0,23.289,22.8,24.094,0.185,23.08,0.082,23.365,0.201,1,67,60,3,0,0,0,46.8,110.13,73.64,19.41,72.37,0,29,0.001,0.005,-0.01
265,RECUPERANDO,8,22,30,0,23.289,22.801,24.091,0.185,23.08,0.084,23.365,0.2,0,67,0,3,0,0,0,46.8,109.99,73.64,19.39,72.38,0,29,0.001,0.005,-0.01
266,RECUPERANDO,8,22,30,0,23.29,22.802,24.088,0.185,23.081,0.085,23.366,0.199,0,67,0,3,0,0,0,46.8,109.85,73.64,19.36,72.39,0,29,0.001,0.005,-0.01
267,RECUPERANDO,8,22,30,0,23.29,22.803,24.084,0.184,23.081,0.086,23.366,0.198,0,67,0,3,0,0,0,46.81,109.71,73.64,19.34,72.4,0,29,0.001,0.005,-0.01
268,RECUPERANDO,8,22,30,0,23.291,22.805,24.081,0.184,23.082,0.087,23.367,0.197,0,67,0,3,0,0,0,46.81,109.57,73.64,19.31,72.41,0,29,0.001,0.005,-0.01
269,RECUPERANDO,8,22,30,0,23.291,22.806,24.078,0.183,23.082,0.088,23.367,0.196,1,68,60,3,0,0,0,46.82,109.41,73.64,19.29,72.46,0,29,0.001,0.005,-0.01
270,RECUPERANDO,8,22,30,0,23.292,22.807,24.077,0.183,23.083,0.09,23.368,0.195,0,68,0,3,0,0,0,46.82,109.26,73.64,19.26,72.56,0,29,0.001,0.005,-0.01
271,RECUPERANDO,8,22,30,0,23.292,22.809,24.076,0.183,23.084,0.091,23.368,0.194,0,68,0,3,0,0,0,46.83,109.1,73.64,19.24,72.65,0,29,0.001,0.005,-0.01
272,RECUPERANDO,8,22,30,0,23.293,22.81,24.075,0.182,23.084,0.092,23.369,0.193,0,68,0,3,0,0,0,46.83,108.94,73.64,19.21,72.72,0,29,0.001,0.005,-0.01
273,RECUPERANDO,8,22,30,0,23.294,22.812,24.074,0.182,23.085,0.093,23.369,0.192,1,69,60,3,0,0,0,46.84,108.77,73.64,19.19,72.71,0,29,0.001,0.005,-0.01
274,RECUPERANDO,8,22,30,0,23.294,22.814,24.073,0.181,23.086,0.094,23.37,0.191,0,69,0,3,0,0,0,46.85,108.6,73.64,19.17,72.71,0,29,0.001,0.005,-0.01
275,RECUPERANDO,8,22,30,0,23.295,22.815,24.072,0.181,23.087,0.095,23.37,0.19,1,70,60,3,0,0,0,46.85,108.42,73.64,19.14,72.7,0,29,0.001,0.005,-0.01
276,RECUPERANDO,8,22,30,0,23.295,22.817,24.071,0.18,23.088,0.097,23.371,0.189,0,70,0,3,0,0,0,46.86,108.24,73.64,19.12,72.7,0,29,0.001,0.005,-0.01
277,RECUPERANDO,8,22,30,0,23.296,22.819,24.07,0.18,23.088,0.098,23.371,0.188,0,70,0,3,0,0,0,46.87,108.06,73.64,19.09,72.7,0,29,0.001,0.005,-0.01
278,RECUPERANDO,8,22,30,0,23.297,22.821,24.068,0.179,23.089,0.099,23.372,0.187,1,71,60,3,0,0,0,46.87,107.87,73.64,19.07,72.69,0,29,0.001,0.005,-0.01
279,RECUPERANDO,8,22,30,0,23.297,22.823,24.067,0.179,23.09,0.1,23.372,0.186,0,71,0,3,0,0,0,46.88,107.68,73.64,19.04,72.69,0,29,0.001,0.005,-0.01
280,RECUPERANDO,8,22,30,0,23.298,22.825,24.065,0.178,23.092,0.101,23.373,0.185,0,71,0,3,0,0,0,46.89,107.48,73.64,19.02,72.69,0,29,0.001,0.005,-0.01
281,RECUPERANDO,8,22,30,0,23.299,22.827,24.064,0.178,23.093,0.102,23.373,0.184,1,72,60,3,0,0,0,46.9,107.28,73.64,19.0,72.69,0,29,0.001,0.005,-0.01
282,RECUPERANDO,8,22,30,0,23.299,22.829,24.062,0.177,23.094,0.103,23.374,0.183,0,72,0,3,0,0,0,46.91,107.08,73.64,18.97,72.7,0,29,0.001,0.005,-0.01
283,RECUPERANDO,8,22,30,0,23.3,22.829,24.061,0.177,23.095,0.104,23.374,0.182,0,72,0,3,0,0,0,46.91,106.87,73.64,18.95,72.7,0,29,0.001,0.005,-0.01
284,RECUPERANDO,8,22,30,0,23.3,22.829,24.059,0.176,23.096,0.105,23.375,0.182,0,72,0,3,0,0,0,46.91,106.66,73.64,18.92,72.7,0,29,0.001,0.005,-0.009
285,RECUPERANDO,8,22,30,0,23.301,22.829,24.057,0.176,23.097,0.106,23.375,0.181,1,73,60,3,0,0,0,46.91,106.61,73.64,18.9,72.7,0,29,0.001,0.005,-0.009
286,RECUPERANDO,8,22,30,0,23.302,22.83,24.055,0.175,23.099,0.107,23.376,0.18,0,73,0,3,0,0,0,46.91,106.56,73.64,18.88,72.71,0,29,0.001,0.005,-0.009
287,RECUPERANDO,8,22,30,0,23.303,22.83,24.053,0.175,23.1,0.107,23.376,0.179,0,73,0,2,0,0,0,46.91,106.5,73.64,18.85,72.72,0,29,0.001,0.005,-0.009
288,RECUPERANDO,8,22,30,0,23.303,22.83,24.051,0.174,23.101,0.108,23.377,0.178,0,73,0,2,0,0,0,46.91,106.44,73.64,18.83,72.72,0,29,0.001,0.005,-0.009
289,RECUPERANDO,8,22,30,0,23.304,22.83,24.049,0.173,23.103,0.109,23.377,0.177,1,74,60,2,0,0,0,46.91,106.38,73.64,18.81,72.73,0,29,0.001,0.005,-0.009
290,RECUPERANDO,8,22,30,0,23.305,22.83,24.047,0.173,23.104,0.11,23.377,0.176,0,74,0,2,0,0,0,46.92,106.31,73.64,18.78,72.8,0,29,0.001,0.005,-0.009
291,RECUPERANDO,8,22,30,0,23.305,22.831,24.045,0.172,23.106,0.111,23.378,0.175,0,74,0,2,0,0,0,46.92,106.24,73.64,18.76,72.88,0,29,0.001,0.004,-0.01
292,RECUPERANDO,8,22,30,0,23.306,22.831,24.043,0.172,23.107,0.112,23.378,0.174,1,75,60,2,0,0,0,46.92,106.17,73.64,18.73,72.97,0,29,0.001,0.004,-0.01
293,RECUPERANDO,8,22,30,0,23.307,22.832,24.04,0.171,23.109,0.113,23.379,0.173,0,75,0,2,0,0,0,46.92,106.09,73.64,18.71,73.06,0,29,0.001,0.004,-0.01
294,RECUPERANDO,8,22,30,0,23.308,22.833,24.038,0.171,23.11,0.113,23.379,0.172,0,75,0,2,0,0,0,46.92,106.01,73.64,18.69,73.14,0,29,0.001,0.004,-0.01
295,RECUPERANDO,8,22,30,0,23.308,22.833,24.035,0.17,23.112,0.114,23.38,0.171,1,76,60,2,0,0,0,46.93,105.93,73.64,18.66,73.23,0,29,0.001,0.004,-0.01
296,RECUPERANDO,8,22,30,0,23.309,22.834,24.033,0.169,23.114,0.115,23.38,0.17,0,76,0,2,0,0,0,46.93,105.84,73.64,18.64,73.31,0,29,0.001,0.004,-0.01
297,RECUPERANDO,8,22,30,0,23.31,22.835,24.03,0.169,23.115,0.115,23.38,0.169,0,76,0,2,0,0,0,46.93,105.75,73.64,18.62,73.33,0,29,0.001,0.004,-0.01
298,RECUPERANDO,8,22,30,0,23.311,22.836,24.027,0.168,23.117,0.116,23.381,0.169,0,76,0,2,0,0,0,46.94,105.65,73.64,18.59,73.32,0,29,0.001,0.004,-0.01
299,RECUPERANDO,8,22,30,0,23.311,22.837,24.024,0.168,23.119,0.117,23.381,0.168,1,77,60,2,0,0,0,46.94,105.55,73.64,18.57,73.31,0,29,0.001,0.004,-0.01
300,RECUPERANDO,8,22,30,0,23.312,22.838,24.021,0.167,23.121,0.117,23.382,0.167,0,77,0,2,0,0,0,46.94,105.45,73.64,18.55,73.3,0,29,0.001,0.004,-0.01
