segundo,estado,sub_estado,avg_velocity,min_velocity,max_velocity,velocity_variance,v_diff,car_mean_velocity,truck_mean_velocity,car_velocity_variance,truck_velocity_variance,avg_gap,min_gap,median_gap,vehicles_stopped,vehicles_cruising,vehicles_braking,vehicles_accelerating,cumulative_throughput,near_collisions,hard_brakes
1,ESTABILIZANDO,,0.67,0.4,0.75,0.02,0.35,0.75,0.4,0.0,0.0,77.14,71.58,78.78,30,0,0,23,0,0,0
2,ESTABILIZANDO,,1.34,0.8,1.5,0.09,0.7,1.5,0.8,0.0,0.0,77.14,71.04,78.78,7,0,0,23,0,0,0
3,ESTABILIZANDO,,2.01,1.2,2.25,0.2,1.05,2.25,1.2,0.0,0.0,77.14,70.15,78.78,0,0,0,23,0,0,0
4,ESTABILIZANDO,,2.67,1.6,3.0,0.35,1.4,3.0,1.6,0.0,0.0,77.14,68.91,78.78,0,0,0,23,0,0,0
5,ESTABILIZANDO,,3.34,2.0,3.75,0.55,1.75,3.75,2.0,0.0,0.0,77.14,67.31,78.78,0,0,0,23,0,0,0
6,ESTABILIZANDO,,4.01,2.4,4.5,0.79,2.1,4.5,2.4,0.0,0.0,77.14,65.37,78.78,0,0,0,23,0,0,0
7,ESTABILIZANDO,,4.68,2.8,5.25,1.07,2.45,5.25,2.8,0.0,0.0,77.14,63.08,78.78,0,0,0,23,0,0,0
8,ESTABILIZANDO,,5.35,3.2,6.0,1.4,2.8,6.0,3.2,0.0,0.0,77.14,60.44,78.78,0,0,0,23,0,0,0
9,ESTABILIZANDO,,6.02,3.6,6.75,1.78,3.15,6.75,3.6,0.0,0.0,77.14,57.44,78.78,0,0,0,23,0,0,0
10,ESTABILIZANDO,,6.68,4.0,7.5,2.19,3.5,7.5,4.0,0.0,0.0,77.14,54.1,78.78,0,0,0,23,0,0,0
11,ESTABILIZANDO,,7.35,4.4,8.25,2.65,3.85,8.25,4.4,0.0,0.0,77.14,50.41,78.78,0,0,0,23,0,0,0
12,ESTABILIZANDO,,8.02,4.8,9.0,3.16,4.2,9.0,4.8,0.0,0.0,77.14,46.37,78.78,0,0,0,23,0,0,0
13,ESTABILIZANDO,,8.69,5.2,9.75,3.7,4.55,9.75,5.2,0.0,0.0,77.14,41.97,78.78,0,0,0,23,0,0,0
14,ESTABILIZANDO,,9.36,5.6,10.5,4.3,4.9,10.5,5.6,0.0,0.0,77.14,37.23,78.78,0,0,0,23,0,0,0
15,ESTABILIZANDO,,10.02,6.0,11.25,4.93,5.25,11.25,6.0,0.0,0.0,77.14,32.14,78.78,0,0,0,23,0,0,0
16,ESTABILIZANDO,,10.69,6.4,12.0,5.61,5.6,12.0,6.4,0.0,0.0,77.14,26.7,78.78,0,0,0,23,0,0,0
17,ESTABILIZANDO,,11.36,6.8,12.75,6.33,5.95,12.75,6.8,0.0,0.0,77.14,20.9,78.78,0,0,0,23,0,0,0
18,ESTABILIZANDO,,12.03,7.2,13.5,7.1,6.3,13.5,7.2,0.0,0.0,77.14,14.76,78.78,0,0,0,23,0,0,0
19,ESTABILIZANDO,,12.7,7.6,14.25,7.91,6.65,14.25,7.6,0.0,0.0,77.14,8.27,78.78,0,0,0,23,0,0,0
20,ESTABILIZANDO,,13.37,8.0,15.0,8.77,7.0,15.0,8.0,0.0,0.0,77.14,1.43,78.78,0,0,0,23,0,6,0
21,ESTABILIZANDO,,14.03,8.4,15.75,9.66,7.35,15.75,8.4,0.0,0.0,77.14,-5.77,78.78,0,0,0,23,0,66,0
22,ESTABILIZANDO,,14.7,8.8,16.5,10.61,7.7,16.5,8.8,0.0,0.0,579.8,71.78,78.78,0,0,0,23,0,114,0
23,ESTABILIZANDO,,15.37,9.2,17.25,11.59,8.05,17.25,9.2,0.0,0.0,579.8,71.78,78.78,0,0,0,23,0,114,0
24,ESTABILIZANDO,,16.04,9.6,18.0,12.62,8.4,18.0,9.6,0.0,0.0,579.8,71.78,78.78,0,0,0,23,0,114,0
25,ESTABILIZANDO,,16.71,10.0,18.75,13.7,8.75,18.75,10.0,0.0,0.0,579.8,71.78,78.78,0,0,0,23,0,114,0
26,ESTABILIZANDO,,17.38,10.4,19.5,14.81,9.1,19.5,10.4,0.0,0.0,579.8,71.78,78.78,0,0,0,23,0,114,0
27,ESTABILIZANDO,,18.04,10.8,20.25,15.98,9.45,20.25,10.8,0.0,0.0,579.8,71.78,78.78,0,0,0,23,0,114,0
28,ESTABILIZANDO,,18.71,11.2,21.0,17.18,9.8,21.0,11.2,0.0,0.0,579.8,71.78,78.78,0,0,0,23,0,114,0
29,ESTABILIZANDO,,19.38,11.6,21.75,18.43,10.15,21.75,11.6,0.0,0.0,579.8,71.78,78.78,0,0,0,23,0,114,0
30,ESTABILIZANDO,,20.05,12.0,22.5,19.72,10.5,22.5,12.0,0.0,0.0,579.8,71.78,78.78,0,0,0,23,0,114,0
31,ESTABILIZANDO,,20.72,12.4,23.25,21.06,10.85,23.25,12.4,0.0,0.0,579.8,71.78,78.78,0,0,0,23,0,114,0
32,ESTABILIZANDO,,21.39,12.8,24.0,22.44,11.2,24.0,12.8,0.0,0.0,579.8,71.78,78.78,0,0,0,23,0,114,0
33,ESTABILIZANDO,,22.05,13.2,24.75,23.86,11.55,24.75,13.2,0.0,0.0,579.8,71.78,78.78,0,0,0,23,0,114,0
34,ESTABILIZANDO,,22.72,13.6,25.5,25.33,11.9,25.5,13.6,0.0,0.0,579.8,71.78,78.78,0,0,0,23,0,114,0
35,ESTABILIZANDO,,23.39,14.0,26.25,26.84,12.25,26.25,14.0,0.0,0.0,579.8,71.78,78.78,0,0,0,23,0,114,0
36,ESTABILIZANDO,,24.06,14.4,27.0,28.4,12.6,27.0,14.4,0.0,0.0,579.8,71.78,78.78,0,0,0,23,0,114,0
37,ESTABILIZANDO,,24.73,14.8,27.75,30.0,12.95,27.75,14.8,0.0,0.0,579.8,71.78,78.78,0,0,0,23,0,114,0
38,ESTABILIZANDO,,25.4,15.2,28.5,31.64,13.3,28.5,15.2,0.0,0.0,579.8,71.78,78.78,0,0,0,23,0,114,0
39,ESTABILIZANDO,,26.06,15.6,29.25,33.33,13.65,29.25,15.6,0.0,0.0,579.8,71.78,78.78,0,23,0,23,0,114,0
40,ESTABILIZANDO,,26.73,16.0,30.0,35.06,14.0,30.0,16.0,0.0,0.0,579.8,71.78,78.78,0,23,0,23,0,114,0
41,ESTABILIZANDO,,26.83,16.4,30.0,33.09,13.6,30.0,16.4,0.0,0.0,579.8,71.78,78.78,0,23,0,0,0,114,0
42,ESTABILIZANDO,,26.92,16.8,30.0,31.17,13.2,30.0,16.8,0.0,0.0,579.8,71.78,78.78,0,23,0,0,0,114,0
43,ESTABILIZANDO,,27.01,17.2,30.0,29.31,12.8,30.0,17.2,0.0,0.0,579.8,71.78,78.78,0,23,0,0,0,114,0
44,ESTABILIZANDO,,27.11,17.6,30.0,27.51,12.4,30.0,17.6,0.0,0.0,579.8,71.78,78.78,0,23,0,0,0,114,0
45,ESTABILIZANDO,,27.2,18.0,30.0,25.76,12.0,30.0,18.0,0.0,0.0,579.8,71.78,78.78,0,23,0,0,0,114,0
46,ESTABILIZANDO,,27.29,18.4,30.0,24.07,11.6,30.0,18.4,0.0,0.0,579.8,71.78,78.78,0,23,0,0,0,114,0
47,ESTABILIZANDO,,27.39,18.8,30.0,22.44,11.2,30.0,18.8,0.0,0.0,579.8,71.78,78.78,0,23,0,0,0,114,0
48,ESTABILIZANDO,,27.48,19.2,30.0,20.87,10.8,30.0,19.2,0.0,0.0,579.8,71.78,78.78,0,23,0,0,0,114,0
49,ESTABILIZANDO,,27.57,19.6,30.0,19.35,10.4,30.0,19.6,0.0,0.0,579.8,71.78,78.78,0,23,0,0,0,114,0
50,ESTABILIZANDO,,27.67,20.0,30.0,17.89,10.0,30.0,20.0,0.0,0.0,579.8,71.78,78.78,0,23,0,0,0,114,0
51,ESTABILIZANDO,,27.76,20.4,30.0,16.49,9.6,30.0,20.4,0.0,0.0,579.8,71.78,78.78,0,23,0,0,0,114,0
52,ESTABILIZANDO,,27.85,20.8,30.0,15.14,9.2,30.0,20.8,0.0,0.0,579.8,71.78,78.78,0,23,0,0,0,114,0
53,ESTABILIZANDO,,27.95,21.2,30.0,13.85,8.8,30.0,21.2,0.0,0.0,579.8,71.78,78.78,0,23,0,0,0,114,0
54,ESTABILIZANDO,,28.04,21.6,30.0,12.62,8.4,30.0,21.6,0.0,0.0,579.8,71.78,78.78,0,23,0,0,0,114,0
55,ESTABILIZANDO,,28.13,22.0,30.0,11.45,8.0,30.0,22.0,0.0,0.0,579.8,71.78,78.78,0,23,0,0,0,114,0
56,ESTABILIZANDO,,28.23,22.4,30.0,10.33,7.6,30.0,22.4,0.0,0.0,579.8,71.78,78.78,0,23,0,0,0,114,0
57,ESTABILIZANDO,,28.32,22.8,30.0,9.27,7.2,30.0,22.8,0.0,0.0,579.8,71.78,78.78,0,23,0,0,0,114,0
58,ESTABILIZANDO,,28.41,23.2,30.0,8.27,6.8,30.0,23.2,0.0,0.0,579.8,71.78,78.78,0,23,0,0,0,114,0
59,ESTABILIZANDO,,28.51,23.6,30.0,7.33,6.4,30.0,23.6,0.0,0.0,579.8,71.78,78.78,0,23,0,0,0,114,0
60,ESTABILIZANDO,,28.6,24.0,30.0,6.44,6.0,30.0,24.0,0.0,0.0,579.8,71.78,78.78,0,23,0,0,0,114,0
61,ESTABILIZANDO,,28.69,24.4,30.0,5.61,5.6,30.0,24.4,0.0,0.0,579.8,71.78,78.78,0,30,0,0,0,114,0
62,ESTABILIZANDO,,28.79,24.8,30.0,4.84,5.2,30.0,24.8,0.0,0.0,579.8,71.78,78.78,0,30,0,0,0,114,0
63,ESTABILIZANDO,,28.83,25.0,30.0,4.47,5.0,30.0,25.0,0.0,0.0,579.8,71.78,78.78,0,30,0,0,0,114,0
64,ESTABILIZANDO,,28.83,25.0,30.0,4.47,5.0,30.0,25.0,0.0,0.0,579.8,71.78,78.78,0,30,0,0,0,114,0
65,ESTABILIZANDO,,28.83,25.0,30.0,4.47,5.0,30.0,25.0,0.0,0.0,579.8,71.78,78.78,0,30,0,0,0,114,0
66,ESTABILIZANDO,,28.83,25.0,30.0,4.47,5.0,30.0,25.0,0.0,0.0,579.8,71.78,78.78,0,30,0,0,0,114,0
67,ESTABILIZANDO,,28.83,25.0,30.0,4.47,5.0,30.0,25.0,0.0,0.0,579.8,71.78,78.78,0,30,0,0,0,114,0
68,ESTABILIZANDO,,28.83,25.0,30.0,4.47,5.0,30.0,25.0,0.0,0.0,579.8,71.78,78.78,0,30,0,0,0,114,0
69,ESTABILIZANDO,,28.83,25.0,30.0,4.47,5.0,30.0,25.0,0.0,0.0,579.8,71.78,78.78,0,30,0,0,0,114,0
70,ESTABILIZANDO,,28.83,25.0,30.0,4.47,5.0,30.0,25.0,0.0,0.0,579.8,71.78,78.78,0,30,0,0,0,114,0
71,ESTABILIZANDO,,28.83,25.0,30.0,4.47,5.0,30.0,25.0,0.0,0.0,579.8,71.78,78.78,0,30,0,0,0,114,0
72,ESTABILIZANDO,,28.83,25.0,30.0,4.47,5.0,30.0,25.0,0.0,0.0,579.8,71.78,78.78,0,30,0,0,0,114,0
73,ESTABILIZANDO,,28.83,25.0,30.0,4.47,5.0,30.0,25.0,0.0,0.0,579.8,71.78,78.78,0,30,0,0,0,114,0
74,ESTABILIZANDO,,28.83,25.0,30.0,4.47,5.0,30.0,25.0,0.0,0.0,579.8,71.78,78.78,0,30,0,0,0,114,0
75,ESTABILIZANDO,,28.83,25.0,30.0,4.47,5.0,30.0,25.0,0.0,0.0,579.8,71.78,78.78,0,30,0,0,0,114,0
76,ESTABILIZANDO,,28.83,25.0,30.0,4.47,5.0,30.0,25.0,0.0,0.0,579.8,71.78,78.78,0,30,0,0,0,114,0
77,ESTABILIZANDO,,28.83,25.0,30.0,4.47,5.0,30.0,25.0,0.0,0.0,579.8,71.78,78.78,0,30,0,0,0,114,0
78,ESTABILIZANDO,,28.83,25.0,30.0,4.47,5.0,30.0,25.0,0.0,0.0,579.8,71.78,78.78,0,30,0,0,0,114,0
79,ESTABILIZANDO,,28.83,25.0,30.0,4.47,5.0,30.0,25.0,0.0,0.0,579.8,71.78,78.78,0,30,0,0,0,114,0
80,ESTABILIZANDO,,28.83,25.0,30.0,4.47,5.0,30.0,25.0,0.0,0.0,579.8,71.78,78.78,0,30,0,0,0,114,0
81,ESTABILIZANDO,,28.83,25.0,30.0,4.47,5.0,30.0,25.0,0.0,0.0,579.8,71.78,78.78,0,30,0,0,0,114,0
82,ESTABILIZANDO,,28.83,25.0,30.0,4.47,5.0,30.0,25.0,0.0,0.0,579.8,71.78,78.78,0,30,0,0,0,114,0
83,ESTABILIZANDO,,28.83,25.0,30.0,4.47,5.0,30.0,25.0,0.0,0.0,579.8,71.78,78.78,0,30,0,0,0,114,0
84,ESTABILIZANDO,,28.83,25.0,30.0,4.47,5.0,30.0,25.0,0.0,0.0,579.8,71.78,78.78,0,30,0,0,0,114,0
85,ESTABILIZANDO,,28.83,25.0,30.0,4.47,5.0,30.0,25.0,0.0,0.0,579.8,71.78,78.78,0,30,0,0,0,114,0
86,ESTABILIZANDO,,28.83,25.0,30.0,4.47,5.0,30.0,25.0,0.0,0.0,579.8,71.78,78.78,0,30,0,0,0,114,0
87,ESTABILIZANDO,,28.83,25.0,30.0,4.47,5.0,30.0,25.0,0.0,0.0,579.8,71.78,78.78,0,30,0,0,0,114,0
88,ESTABILIZANDO,,28.83,25.0,30.0,4.47,5.0,30.0,25.0,0.0,0.0,579.8,71.78,78.78,0,30,0,0,0,114,0
89,ESTABILIZANDO,,28.83,25.0,30.0,4.47,5.0,30.0,25.0,0.0,0.0,579.8,71.78,78.78,0,30,0,0,0,114,0
90,ESTABILIZANDO,,28.83,25.0,30.0,4.47,5.0,30.0,25.0,0.0,0.0,579.8,71.78,78.78,0,30,0,0,0,114,0
91,ESTABILIZANDO,,28.83,25.0,30.0,4.47,5.0,30.0,25.0,0.0,0.0,579.8,71.78,78.78,0,30,0,0,0,114,0
92,ESTABILIZANDO,,28.83,25.0,30.0,4.47,5.0,30.0,25.0,0.0,0.0,579.8,71.78,78.78,0,30,0,0,0,114,0
93,ESTABILIZANDO,,28.83,25.0,30.0,4.47,5.0,30.0,25.0,0.0,0.0,579.8,71.78,78.78,0,30,0,0,0,114,0
94,ESTABILIZANDO,,28.83,25.0,30.0,4.47,5.0,30.0,25.0,0.0,0.0,579.8,71.78,78.78,0,30,0,0,0,114,0
95,ESTABILIZANDO,,28.83,25.0,30.0,4.47,5.0,30.0,25.0,0.0,0.0,579.8,71.78,78.78,0,30,0,0,0,114,0
96,ESTABILIZANDO,,28.83,25.0,30.0,4.47,5.0,30.0,25.0,0.0,0.0,579.8,71.78,78.78,0,30,0,0,0,114,0
97,ESTABILIZANDO,,28.83,25.0,30.0,4.47,5.0,30.0,25.0,0.0,0.0,579.8,71.78,78.78,0,30,0,0,0,114,0
98,ESTABILIZANDO,,28.83,25.0,30.0,4.47,5.0,30.0,25.0,0.0,0.0,579.8,71.78,78.78,0,30,0,0,0,114,0
99,ESTABILIZANDO,,28.83,25.0,30.0,4.47,5.0,30.0,25.0,0.0,0.0,579.8,71.78,78.78,0,30,0,0,0,114,0
100,ESTABILIZANDO,,28.83,25.0,30.0,4.47,5.0,30.0,25.0,0.0,0.0,579.8,71.78,78.78,0,30,0,0,0,114,0
101,ESTABILIZANDO,,28.83,25.0,30.0,4.47,5.0,30.0,25.0,0.0,0.0,579.8,71.78,78.78,0,30,0,0,0,114,0
102,ESTABILIZANDO,,28.83,25.0,30.0,4.47,5.0,30.0,25.0,0.0,0.0,579.8,71.78,78.78,0,30,0,0,0,114,0
103,ESTABILIZANDO,,28.83,25.0,30.0,4.47,5.0,30.0,25.0,0.0,0.0,579.8,71.78,78.78,0,30,0,0,0,114,0
104,ESTABILIZANDO,,28.83,25.0,30.0,4.47,5.0,30.0,25.0,0.0,0.0,579.8,71.78,78.78,0,30,0,0,0,114,0
105,ESTABILIZANDO,,28.83,25.0,30.0,4.47,5.0,30.0,25.0,0.0,0.0,579.8,71.78,78.78,0,30,0,0,0,114,0
106,ESTABILIZANDO,,28.83,25.0,30.0,4.47,5.0,30.0,25.0,0.0,0.0,579.8,71.78,78.78,0,30,0,0,0,114,0
107,ESTABILIZANDO,,28.83,25.0,30.0,4.47,5.0,30.0,25.0,0.0,0.0,579.8,71.78,78.78,0,30,0,0,0,114,0
108,ESTABILIZANDO,,28.83,25.0,30.0,4.47,5.0,30.0,25.0,0.0,0.0,579.8,71.78,78.78,0,30,0,0,0,114,0
109,ESTABILIZANDO,,28.83,25.0,30.0,4.47,5.0,30.0,25.0,0.0,0.0,579.8,71.78,78.78,0,30,0,0,0,114,0
110,ESTABILIZANDO,,28.83,25.0,30.0,4.47,5.0,30.0,25.0,0.0,0.0,579.8,71.78,78.78,0,30,0,0,0,114,0
111,ESTABILIZANDO,,28.83,25.0,30.0,4.47,5.0,30.0,25.0,0.0,0.0,579.8,71.78,78.78,0,30,0,0,0,114,0
112,ESTABILIZANDO,,28.83,25.0,30.0,4.47,5.0,30.0,25.0,0.0,0.0,579.8,71.78,78.78,0,30,0,0,0,114,0
113,ESTABILIZANDO,,28.83,25.0,30.0,4.47,5.0,30.0,25.0,0.0,0.0,579.8,71.78,78.78,0,30,0,0,0,114,0
114,ESTABILIZANDO,,28.83,25.0,30.0,4.47,5.0,30.0,25.0,0.0,0.0,579.8,71.78,78.78,0,30,0,0,0,114,0
115,ESTABILIZANDO,,28.83,25.0,30.0,4.47,5.0,30.0,25.0,0.0,0.0,579.8,71.78,78.78,0,30,0,0,0,114,0
116,ESTABILIZANDO,,28.83,25.0,30.0,4.47,5.0,30.0,25.0,0.0,0.0,579.8,71.78,78.78,0,30,0,0,0,114,0
117,ESTABILIZANDO,,28.83,25.0,30.0,4.47,5.0,30.0,25.0,0.0,0.0,579.8,71.78,78.78,0,30,0,0,0,114,0
118,ESTABILIZANDO,,28.83,25.0,30.0,4.47,5.0,30.0,25.0,0.0,0.0,579.8,71.78,78.78,0,30,0,0,0,114,0
119,ESTABILIZANDO,,28.83,25.0,30.0,4.47,5.0,30.0,25.0,0.0,0.0,579.8,71.78,78.78,0,30,0,0,0,114,0
120,ESTABILIZANDO,,28.83,25.0,30.0,4.47,5.0,30.0,25.0,0.0,0.0,579.8,71.78,78.78,0,30,0,0,0,114,0
121,ESTABILIZANDO,,28.83,25.0,30.0,4.47,5.0,30.0,25.0,0.0,0.0,579.8,71.78,78.78,0,30,0,0,0,114,0
122,ESTABILIZANDO,,28.83,25.0,30.0,4.47,5.0,30.0,25.0,0.0,0.0,579.8,71.78,78.78,0,30,0,0,0,114,0
123,ESTABILIZANDO,,28.83,25.0,30.0,4.47,5.0,30.0,25.0,0.0,0.0,579.8,71.78,78.78,0,30,0,0,0,114,0
124,ESTABILIZANDO,,28.83,25.0,30.0,4.47,5.0,30.0,25.0,0.0,0.0,579.8,71.78,78.78,0,30,0,0,0,114,0
125,ESTABILIZANDO,,28.83,25.0,30.0,4.47,5.0,30.0,25.0,0.0,0.0,579.8,71.78,78.78,0,30,0,0,0,114,0
126,ESTABILIZANDO,,28.83,25.0,30.0,4.47,5.0,30.0,25.0,0.0,0.0,579.8,71.78,78.78,0,30,0,0,0,114,0
127,ESTABILIZANDO,,28.83,25.0,30.0,4.47,5.0,30.0,25.0,0.0,0.0,579.8,71.78,78.78,0,30,0,0,0,114,0
128,ESTABILIZANDO,,28.83,25.0,30.0,4.47,5.0,30.0,25.0,0.0,0.0,579.8,71.78,78.78,0,30,0,0,0,114,0
129,ESTABILIZANDO,,28.83,25.0,30.0,4.47,5.0,30.0,25.0,0.0,0.0,579.8,71.78,78.78,0,30,0,0,0,114,0
130,ESTABILIZANDO,,28.83,25.0,30.0,4.47,5.0,30.0,25.0,0.0,0.0,579.8,71.78,78.78,0,30,0,0,0,114,0
131,ESTABILIZANDO,,28.83,25.0,30.0,4.47,5.0,30.0,25.0,0.0,0.0,579.8,71.78,78.78,0,30,0,0,0,114,0
132,ESTABILIZANDO,,28.83,25.0,30.0,4.47,5.0,30.0,25.0,0.0,0.0,579.8,71.78,78.78,0,30,0,0,0,114,0
133,ESTABILIZANDO,,28.83,25.0,30.0,4.47,5.0,30.0,25.0,0.0,0.0,579.8,71.78,78.78,0,30,0,0,0,114,0
134,ESTABILIZANDO,,28.83,25.0,30.0,4.47,5.0,30.0,25.0,0.0,0.0,579.8,71.78,78.78,0,30,0,0,0,114,0
135,ESTABILIZANDO,,28.83,25.0,30.0,4.47,5.0,30.0,25.0,0.0,0.0,579.8,71.78,78.78,0,30,0,0,0,114,0
136,ESTABILIZANDO,,28.83,25.0,30.0,4.47,5.0,30.0,25.0,0.0,0.0,579.8,71.78,78.78,0,30,0,0,0,114,0
137,ESTABILIZANDO,,28.83,25.0,30.0,4.47,5.0,30.0,25.0,0.0,0.0,579.8,71.78,78.78,0,30,0,0,0,114,0
138,ESTABILIZANDO,,28.83,25.0,30.0,4.47,5.0,30.0,25.0,0.0,0.0,579.8,71.78,78.78,0,30,0,0,0,114,0
139,ESTABILIZANDO,,28.83,25.0,30.0,4.47,5.0,30.0,25.0,0.0,0.0,579.8,71.78,78.78,0,30,0,0,0,114,0
140,ESTABILIZANDO,,28.83,25.0,30.0,4.47,5.0,30.0,25.0,0.0,0.0,579.8,71.78,78.78,0,30,0,0,0,114,0
141,ESTABILIZANDO,,28.83,25.0,30.0,4.47,5.0,30.0,25.0,0.0,0.0,579.8,71.78,78.78,0,30,0,0,0,114,0
142,ESTABILIZANDO,,28.83,25.0,30.0,4.47,5.0,30.0,25.0,0.0,0.0,579.8,71.78,78.78,0,30,0,0,0,114,0
143,ESTABILIZANDO,,28.83,25.0,30.0,4.47,5.0,30.0,25.0,0.0,0.0,579.8,71.78,78.78,0,30,0,0,0,114,0
144,ESTABILIZANDO,,28.83,25.0,30.0,4.47,5.0,30.0,25.0,0.0,0.0,579.8,71.78,78.78,0,30,0,0,0,114,0
145,ESTABILIZANDO,,28.83,25.0,30.0,4.47,5.0,30.0,25.0,0.0,0.0,579.8,71.78,78.78,0,30,0,0,0,114,0
146,ESTABILIZANDO,,28.83,25.0,30.0,4.47,5.0,30.0,25.0,0.0,0.0,579.8,71.78,78.78,0,30,0,0,0,114,0
147,ESTABILIZANDO,,28.83,25.0,30.0,4.47,5.0,30.0,25.0,0.0,0.0,579.8,71.78,78.78,0,30,0,0,0,114,0
148,ESTABILIZANDO,,28.83,25.0,30.0,4.47,5.0,30.0,25.0,0.0,0.0,579.8,71.78,78.78,0,30,0,0,0,114,0
149,ESTABILIZANDO,,28.83,25.0,30.0,4.47,5.0,30.0,25.0,0.0,0.0,579.8,71.78,78.78,0,30,0,0,0,114,0
150,ESTABILIZANDO,,28.83,25.0,30.0,4.47,5.0,30.0,25.0,0.0,0.0,579.8,71.78,78.78,0,30,0,0,0,114,0
151,ESTABILIZANDO,,28.83,25.0,30.0,4.47,5.0,30.0,25.0,0.0,0.0,579.8,71.78,78.78,0,30,0,0,0,114,0
152,ESTABILIZANDO,,28.83,25.0,30.0,4.47,5.0,30.0,25.0,0.0,0.0,579.8,71.78,78.78,0,30,0,0,0,114,0
153,ESTABILIZANDO,,28.83,25.0,30.0,4.47,5.0,30.0,25.0,0.0,0.0,579.8,71.78,78.78,0,30,0,0,0,114,0
154,ESTABILIZANDO,,28.83,25.0,30.0,4.47,5.0,30.0,25.0,0.0,0.0,579.8,71.78,78.78,0,30,0,0,0,114,0
155,ESTABILIZANDO,,28.83,25.0,30.0,4.47,5.0,30.0,25.0,0.0,0.0,579.8,71.78,78.78,0,30,0,0,0,114,0
156,ESTABILIZANDO,,28.83,25.0,30.0,4.47,5.0,30.0,25.0,0.0,0.0,579.8,71.78,78.78,0,30,0,0,0,114,0
157,ESTABILIZANDO,,28.83,25.0,30.0,4.47,5.0,30.0,25.0,0.0,0.0,579.8,71.78,78.78,0,30,0,0,0,114,0
158,ESTABILIZANDO,,28.83,25.0,30.0,4.47,5.0,30.0,25.0,0.0,0.0,579.8,71.78,78.78,0,30,0,0,0,114,0
159,ESTABILIZANDO,,28.83,25.0,30.0,4.47,5.0,30.0,25.0,0.0,0.0,579.8,71.78,78.78,0,30,0,0,0,114,0
160,ESTABILIZANDO,,28.83,25.0,30.0,4.47,5.0,30.0,25.0,0.0,0.0,579.8,71.78,78.78,0,30,0,0,0,114,0
161,ESTABILIZANDO,,28.83,25.0,30.0,4.47,5.0,30.0,25.0,0.0,0.0,579.8,71.78,78.78,0,30,0,0,0,114,0
162,ESTABILIZANDO,,28.83,25.0,30.0,4.47,5.0,30.0,25.0,0.0,0.0,579.8,71.78,78.78,0,30,0,0,0,114,0
163,ESTABILIZANDO,,28.83,25.0,30.0,4.47,5.0,30.0,25.0,0.0,0.0,579.8,71.78,78.78,0,30,0,0,0,114,0
164,ESTABILIZANDO,,28.83,25.0,30.0,4.47,5.0,30.0,25.0,0.0,0.0,579.8,71.78,78.78,0,30,0,0,0,114,0
165,ESTABILIZANDO,,28.83,25.0,30.0,4.47,5.0,30.0,25.0,0.0,0.0,579.8,71.78,78.78,0,30,0,0,0,114,0
166,ESTABILIZANDO,,28.83,25.0,30.0,4.47,5.0,30.0,25.0,0.0,0.0,579.8,71.78,78.78,0,30,0,0,0,114,0
167,ESTABILIZANDO,,28.83,25.0,30.0,4.47,5.0,30.0,25.0,0.0,0.0,579.8,71.78,78.78,0,30,0,0,0,114,0
168,ESTABILIZANDO,,28.83,25.0,30.0,4.47,5.0,30.0,25.0,0.0,0.0,579.8,71.78,78.78,0,30,0,0,0,114,0
169,ESTABILIZANDO,,28.83,25.0,30.0,4.47,5.0,30.0,25.0,0.0,0.0,579.8,71.78,78.78,0,30,0,0,0,114,0
170,ESTABILIZANDO,,28.83,25.0,30.0,4.47,5.0,30.0,25.0,0.0,0.0,579.8,71.78,78.78,0,30,0,0,0,114,0
171,ESTABILIZANDO,,28.83,25.0,30.0,4.47,5.0,30.0,25.0,0.0,0.0,579.8,71.78,78.78,0,30,0,0,0,114,0
172,ESTABILIZANDO,,28.83,25.0,30.0,4.47,5.0,30.0,25.0,0.0,0.0,579.8,71.78,78.78,0,30,0,0,0,114,0
173,ESTABILIZANDO,,28.83,25.0,30.0,4.47,5.0,30.0,25.0,0.0,0.0,579.8,71.78,78.78,0,30,0,0,0,114,0
174,ESTABILIZANDO,,28.83,25.0,30.0,4.47,5.0,30.0,25.0,0.0,0.0,579.8,71.78,78.78,0,30,0,0,0,114,0
175,ESTABILIZANDO,,28.83,25.0,30.0,4.47,5.0,30.0,25.0,0.0,0.0,579.8,71.78,78.78,0,30,0,0,0,114,0
176,ESTABILIZANDO,,28.83,25.0,30.0,4.47,5.0,30.0,25.0,0.0,0.0,579.8,71.78,78.78,0,30,0,0,0,114,0
177,ESTABILIZANDO,,28.83,25.0,30.0,4.47,5.0,30.0,25.0,0.0,0.0,579.8,71.78,78.78,0,30,0,0,0,114,0
178,ESTABILIZANDO,,28.83,25.0,30.0,4.47,5.0,30.0,25.0,0.0,0.0,579.8,71.78,78.78,0,30,0,0,0,114,0
179,ESTABILIZANDO,,28.83,25.0,30.0,4.47,5.0,30.0,25.0,0.0,0.0,579.8,71.78,78.78,0,30,0,0,0,114,0
180,ESTABILIZANDO,,28.83,25.0,30.0,4.47,5.0,30.0,25.0,0.0,0.0,579.8,71.78,78.78,0,30,0,0,0,114,0
181,ESTABILIZANDO,,28.83,25.0,30.0,4.47,5.0,30.0,25.0,0.0,0.0,579.8,71.78,78.78,0,30,0,0,0,114,0
182,ESTABILIZANDO,,28.83,25.0,30.0,4.47,5.0,30.0,25.0,0.0,0.0,579.8,71.78,78.78,0,30,0,0,0,114,0
183,ESTABILIZANDO,,28.83,25.0,30.0,4.47,5.0,30.0,25.0,0.0,0.0,579.8,71.78,78.78,0,30,0,0,0,114,0
184,ESTABILIZANDO,,28.83,25.0,30.0,4.47,5.0,30.0,25.0,0.0,0.0,579.8,71.78,78.78,0,30,0,0,0,114,0
185,ESTABILIZANDO,,28.83,25.0,30.0,4.47,5.0,30.0,25.0,0.0,0.0,579.8,71.78,78.78,0,30,0,0,0,114,0
186,ESTABILIZANDO,,28.83,25.0,30.0,4.47,5.0,30.0,25.0,0.0,0.0,579.8,71.78,78.78,0,30,0,0,0,114,0
187,ESTABILIZANDO,,28.83,25.0,30.0,4.47,5.0,30.0,25.0,0.0,0.0,579.8,71.78,78.78,0,30,0,0,0,114,0
188,ESTABILIZANDO,,28.83,25.0,30.0,4.47,5.0,30.0,25.0,0.0,0.0,579.8,71.78,78.78,0,30,0,0,0,114,0
189,ESTABILIZANDO,,28.83,25.0,30.0,4.47,5.0,30.0,25.0,0.0,0.0,579.8,71.78,78.78,0,30,0,0,0,114,0
190,ESTABILIZANDO,,28.83,25.0,30.0,4.47,5.0,30.0,25.0,0.0,0.0,579.8,71.78,78.78,0,30,0,0,0,114,0
191,ESTABILIZANDO,,28.83,25.0,30.0,4.47,5.0,30.0,25.0,0.0,0.0,579.8,71.78,78.78,0,30,0,0,0,114,0
192,ESTABILIZANDO,,28.83,25.0,30.0,4.47,5.0,30.0,25.0,0.0,0.0,579.8,71.78,78.78,0,30,0,0,0,114,0
193,ESTABILIZANDO,,28.83,25.0,30.0,4.47,5.0,30.0,25.0,0.0,0.0,579.8,71.78,78.78,0,30,0,0,0,114,0
194,ESTABILIZANDO,,28.83,25.0,30.0,4.47,5.0,30.0,25.0,0.0,0.0,579.8,71.78,78.78,0,30,0,0,0,114,0
195,ESTABILIZANDO,,28.83,25.0,30.0,4.47,5.0,30.0,25.0,0.0,0.0,579.8,71.78,78.78,0,30,0,0,0,114,0
196,ESTABILIZANDO,,28.83,25.0,30.0,4.47,5.0,30.0,25.0,0.0,0.0,579.8,71.78,78.78,0,30,0,0,0,114,0
197,ESTABILIZANDO,,28.83,25.0,30.0,4.47,5.0,30.0,25.0,0.0,0.0,579.8,71.78,78.78,0,30,0,0,0,114,0
198,ESTABILIZANDO,,28.83,25.0,30.0,4.47,5.0,30.0,25.0,0.0,0.0,579.8,71.78,78.78,0,30,0,0,0,114,0
199,ESTABILIZANDO,,28.83,25.0,30.0,4.47,5.0,30.0,25.0,0.0,0.0,579.8,71.78,78.78,0,30,0,0,0,114,0
200,ESTABILIZANDO,,28.83,25.0,30.0,4.47,5.0,30.0,25.0,0.0,0.0,579.8,71.78,78.78,0,30,0,0,0,114,0
201,ESTABILIZANDO,,28.83,25.0,30.0,4.47,5.0,30.0,25.0,0.0,0.0,579.8,71.78,78.78,0,30,0,0,0,114,0
202,ESTABILIZANDO,,28.83,25.0,30.0,4.47,5.0,30.0,25.0,0.0,0.0,579.8,71.78,78.78,0,30,0,0,0,114,0
203,ESTABILIZANDO,,28.83,25.0,30.0,4.47,5.0,30.0,25.0,0.0,0.0,579.8,71.78,78.78,0,30,0,0,0,114,0
204,ESTABILIZANDO,,28.83,25.0,30.0,4.47,5.0,30.0,25.0,0.0,0.0,579.8,71.78,78.78,0,30,0,0,0,114,0
205,ESTABILIZANDO,,28.83,25.0,30.0,4.47,5.0,30.0,25.0,0.0,0.0,579.8,71.78,78.78,0,30,0,0,0,114,0
206,ESTABILIZANDO,,28.83,25.0,30.0,4.47,5.0,30.0,25.0,0.0,0.0,579.8,71.78,78.78,0,30,0,0,0,114,0
207,ESTABILIZANDO,,28.83,25.0,30.0,4.47,5.0,30.0,25.0,0.0,0.0,579.8,71.78,78.78,0,30,0,0,0,114,0
208,ESTABILIZANDO,,28.83,25.0,30.0,4.47,5.0,30.0,25.0,0.0,0.0,579.8,71.78,78.78,0,30,0,0,0,114,0
209,ESTABILIZANDO,,28.83,25.0,30.0,4.47,5.0,30.0,25.0,0.0,0.0,579.8,71.78,78.78,0,30,0,0,0,114,0
210,ESTABILIZANDO,,28.83,25.0,30.0,4.47,5.0,30.0,25.0,0.0,0.0,579.8,71.78,78.78,0,30,0,0,0,114,0
211,ESTABILIZANDO,,28.83,25.0,30.0,4.47,5.0,30.0,25.0,0.0,0.0,579.8,71.78,78.78,0,30,0,0,0,114,0
212,ESTABILIZANDO,,28.83,25.0,30.0,4.47,5.0,30.0,25.0,0.0,0.0,579.8,71.78,78.78,0,30,0,0,0,114,0
213,ESTABILIZANDO,,28.83,25.0,30.0,4.47,5.0,30.0,25.0,0.0,0.0,579.8,71.78,78.78,0,30,0,0,0,114,0
214,ESTABILIZANDO,,28.83,25.0,30.0,4.47,5.0,30.0,25.0,0.0,0.0,579.8,71.78,78.78,0,30,0,0,0,114,0
215,ESTABILIZANDO,,28.83,25.0,30.0,4.47,5.0,30.0,25.0,0.0,0.0,579.8,71.78,78.78,0,30,0,0,0,114,0
216,ESTABILIZANDO,,28.83,25.0,30.0,4.47,5.0,30.0,25.0,0.0,0.0,579.8,71.78,78.78,0,30,0,0,0,114,0
217,ESTABILIZANDO,,28.83,25.0,30.0,4.47,5.0,30.0,25.0,0.0,0.0,579.8,71.78,78.78,0,30,0,0,0,114,0
218,ESTABILIZANDO,,28.83,25.0,30.0,4.47,5.0,30.0,25.0,0.0,0.0,579.8,71.78,78.78,0,30,0,0,0,114,0
219,ESTABILIZANDO,,28.83,25.0,30.0,4.47,5.0,30.0,25.0,0.0,0.0,579.8,71.78,78.78,0,30,0,0,0,114,0
220,ESTABILIZANDO,,28.83,25.0,30.0,4.47,5.0,30.0,25.0,0.0,0.0,579.8,71.78,78.78,0,30,0,0,0,114,0
221,ESTABILIZANDO,,28.83,25.0,30.0,4.47,5.0,30.0,25.0,0.0,0.0,579.8,71.78,78.78,0,30,0,0,0,114,0
222,ESTABILIZANDO,,28.83,25.0,30.0,4.47,5.0,30.0,25.0,0.0,0.0,579.8,71.78,78.78,0,30,0,0,0,114,0
223,ESTABILIZANDO,,28.83,25.0,30.0,4.47,5.0,30.0,25.0,0.0,0.0,579.8,71.78,78.78,0,30,0,0,0,114,0
224,ESTABILIZANDO,,28.83,25.0,30.0,4.47,5.0,30.0,25.0,0.0,0.0,579.8,71.78,78.78,0,30,0,0,0,114,0
225,ESTABILIZANDO,,28.83,25.0,30.0,4.47,5.0,30.0,25.0,0.0,0.0,579.8,71.78,78.78,0,30,0,0,0,114,0
226,ESTABILIZANDO,,28.83,25.0,30.0,4.47,5.0,30.0,25.0,0.0,0.0,579.8,71.78,78.78,0,30,0,0,0,114,0
227,ESTABILIZANDO,,28.83,25.0,30.0,4.47,5.0,30.0,25.0,0.0,0.0,579.8,71.78,78.78,0,30,0,0,0,114,0
228,ESTABILIZANDO,,28.83,25.0,30.0,4.47,5.0,30.0,25.0,0.0,0.0,579.8,71.78,78.78,0,30,0,0,0,114,0
229,ESTABILIZANDO,,28.83,25.0,30.0,4.47,5.0,30.0,25.0,0.0,0.0,579.8,71.78,78.78,0,30,0,0,0,114,0
230,ESTABILIZANDO,,28.83,25.0,30.0,4.47,5.0,30.0,25.0,0.0,0.0,579.8,71.78,78.78,0,30,0,0,0,114,0
231,ESTABILIZANDO,,28.83,25.0,30.0,4.47,5.0,30.0,25.0,0.0,0.0,579.8,71.78,78.78,0,30,0,0,0,114,0
232,ESTABILIZANDO,,28.83,25.0,30.0,4.47,5.0,30.0,25.0,0.0,0.0,579.8,71.78,78.78,0,30,0,0,0,114,0
233,ESTABILIZANDO,,28.83,25.0,30.0,4.47,5.0,30.0,25.0,0.0,0.0,579.8,71.78,78.78,0,30,0,0,0,114,0
234,ESTABILIZANDO,,28.83,25.0,30.0,4.47,5.0,30.0,25.0,0.0,0.0,579.8,71.78,78.78,0,30,0,0,0,114,0
235,ESTABILIZANDO,,28.83,25.0,30.0,4.47,5.0,30.0,25.0,0.0,0.0,579.8,71.78,78.78,0,30,0,0,0,114,0
236,ESTABILIZANDO,,28.83,25.0,30.0,4.47,5.0,30.0,25.0,0.0,0.0,579.8,71.78,78.78,0,30,0,0,0,114,0
237,ESTABILIZANDO,,28.83,25.0,30.0,4.47,5.0,30.0,25.0,0.0,0.0,579.8,71.78,78.78,0,30,0,0,0,114,0
238,ESTABILIZANDO,,28.83,25.0,30.0,4.47,5.0,30.0,25.0,0.0,0.0,579.8,71.78,78.78,0,30,0,0,0,114,0
239,ESTABILIZANDO,,28.83,25.0,30.0,4.47,5.0,30.0,25.0,0.0,0.0,579.8,71.78,78.78,0,30,0,0,0,114,0
240,ESTABILIZANDO,,28.83,25.0,30.0,4.47,5.0,30.0,25.0,0.0,0.0,579.8,71.78,78.78,0,30,0,0,0,114,0
241,ESTABILIZANDO,,28.83,25.0,30.0,4.47,5.0,30.0,25.0,0.0,0.0,579.8,71.78,78.78,0,30,0,0,0,114,0
242,ESTABILIZANDO,,28.83,25.0,30.0,4.47,5.0,30.0,25.0,0.0,0.0,579.8,71.78,78.78,0,30,0,0,0,114,0
243,ESTABILIZANDO,,28.83,25.0,30.0,4.47,5.0,30.0,25.0,0.0,0.0,579.8,71.78,78.78,0,30,0,0,0,114,0
244,ESTABILIZANDO,,28.83,25.0,30.0,4.47,5.0,30.0,25.0,0.0,0.0,579.8,71.78,78.78,0,30,0,0,0,114,0
245,ESTABILIZANDO,,28.83,25.0,30.0,4.47,5.0,30.0,25.0,0.0,0.0,579.8,71.78,78.78,0,30,0,0,0,114,0
246,ESTABILIZANDO,,28.83,25.0,30.0,4.47,5.0,30.0,25.0,0.0,0.0,579.8,71.78,78.78,0,30,0,0,0,114,0
247,ESTABILIZANDO,,28.83,25.0,30.0,4.47,5.0,30.0,25.0,0.0,0.0,579.8,71.78,78.78,0,30,0,0,0,114,0
248,ESTABILIZANDO,,28.83,25.0,30.0,4.47,5.0,30.0,25.0,0.0,0.0,579.8,71.78,78.78,0,30,0,0,0,114,0
249,ESTABILIZANDO,,28.83,25.0,30.0,4.47,5.0,30.0,25.0,0.0,0.0,579.8,71.78,78.78,0,30,0,0,0,114,0
250,ESTABILIZANDO,,28.83,25.0,30.0,4.47,5.0,30.0,25.0,0.0,0.0,579.8,71.78,78.78,0,30,0,0,0,114,0
251,ESTABILIZANDO,,28.83,25.0,30.0,4.47,5.0,30.0,25.0,0.0,0.0,579.8,71.78,78.78,0,30,0,0,0,114,0
252,ESTABILIZANDO,,28.83,25.0,30.0,4.47,5.0,30.0,25.0,0.0,0.0,579.8,71.78,78.78,0,30,0,0,0,114,0
253,ESTABILIZANDO,,28.83,25.0,30.0,4.47,5.0,30.0,25.0,0.0,0.0,579.8,71.78,78.78,0,30,0,0,0,114,0
254,ESTABILIZANDO,,28.83,25.0,30.0,4.47,5.0,30.0,25.0,0.0,0.0,579.8,71.78,78.78,0,30,0,0,0,114,0
255,ESTABILIZANDO,,28.83,25.0,30.0,4.47,5.0,30.0,25.0,0.0,0.0,579.8,71.78,78.78,0,30,0,0,0,114,0
256,ESTABILIZANDO,,28.83,25.0,30.0,4.47,5.0,30.0,25.0,0.0,0.0,579.8,71.78,78.78,0,30,0,0,0,114,0
257,ESTABILIZANDO,,28.83,25.0,30.0,4.47,5.0,30.0,25.0,0.0,0.0,579.8,71.78,78.78,0,30,0,0,0,114,0
258,ESTABILIZANDO,,28.83,25.0,30.0,4.47,5.0,30.0,25.0,0.0,0.0,579.8,71.78,78.78,0,30,0,0,0,114,0
259,ESTABILIZANDO,,28.83,25.0,30.0,4.47,5.0,30.0,25.0,0.0,0.0,579.8,71.78,78.78,0,30,0,0,0,114,0
260,ESTABILIZANDO,,28.83,25.0,30.0,4.47,5.0,30.0,25.0,0.0,0.0,579.8,71.78,78.78,0,30,0,0,0,114,0
261,ESTABILIZANDO,,28.83,25.0,30.0,4.47,5.0,30.0,25.0,0.0,0.0,579.8,71.78,78.78,0,30,0,0,0,114,0
262,ESTABILIZANDO,,28.83,25.0,30.0,4.47,5.0,30.0,25.0,0.0,0.0,579.8,71.78,78.78,0,30,0,0,0,114,0
263,ESTABILIZANDO,,28.83,25.0,30.0,4.47,5.0,30.0,25.0,0.0,0.0,579.8,71.78,78.78,0,30,0,0,0,114,0
264,ESTABILIZANDO,,28.83,25.0,30.0,4.47,5.0,30.0,25.0,0.0,0.0,579.8,71.78,78.78,0,30,0,0,0,114,0
265,ESTABILIZANDO,,28.83,25.0,30.0,4.47,5.0,30.0,25.0,0.0,0.0,579.8,71.78,78.78,0,30,0,0,0,114,0
266,ESTABILIZANDO,,28.83,25.0,30.0,4.47,5.0,30.0,25.0,0.0,0.0,579.8,71.78,78.78,0,30,0,0,0,114,0
267,ESTABILIZANDO,,28.83,25.0,30.0,4.47,5.0,30.0,25.0,0.0,0.0,579.8,71.78,78.78,0,30,0,0,0,114,0
268,ESTABILIZANDO,,28.83,25.0,30.0,4.47,5.0,30.0,25.0,0.0,0.0,579.8,71.78,78.78,0,30,0,0,0,114,0
269,ESTABILIZANDO,,28.83,25.0,30.0,4.47,5.0,30.0,25.0,0.0,0.0,579.8,71.78,78.78,0,30,0,0,0,114,0
270,ESTABILIZANDO,,28.83,25.0,30.0,4.47,5.0,30.0,25.0,0.0,0.0,579.8,71.78,78.78,0,30,0,0,0,114,0
271,ESTABILIZANDO,,28.83,25.0,30.0,4.47,5.0,30.0,25.0,0.0,0.0,579.8,71.78,78.78,0,30,0,0,0,114,0
272,ESTABILIZANDO,,28.83,25.0,30.0,4.47,5.0,30.0,25.0,0.0,0.0,579.8,71.78,78.78,0,30,0,0,0,114,0
273,ESTABILIZANDO,,28.83,25.0,30.0,4.47,5.0,30.0,25.0,0.0,0.0,579.8,71.78,78.78,0,30,0,0,0,114,0
274,ESTABILIZANDO,,28.83,25.0,30.0,4.47,5.0,30.0,25.0,0.0,0.0,579.8,71.78,78.78,0,30,0,0,0,114,0
275,ESTABILIZANDO,,28.83,25.0,30.0,4.47,5.0,30.0,25.0,0.0,0.0,579.8,71.78,78.78,0,30,0,0,0,114,0
276,ESTABILIZANDO,,28.83,25.0,30.0,4.47,5.0,30.0,25.0,0.0,0.0,579.8,71.78,78.78,0,30,0,0,0,114,0
277,ESTABILIZANDO,,28.83,25.0,30.0,4.47,5.0,30.0,25.0,0.0,0.0,579.8,71.78,78.78,0,30,0,0,0,114,0
278,ESTABILIZANDO,,28.83,25.0,30.0,4.47,5.0,30.0,25.0,0.0,0.0,579.8,71.78,78.78,0,30,0,0,0,114,0
279,ESTABILIZANDO,,28.83,25.0,30.0,4.47,5.0,30.0,25.0,0.0,0.0,579.8,71.78,78.78,0,30,0,0,0,114,0
280,ESTABILIZANDO,,28.83,25.0,30.0,4.47,5.0,30.0,25.0,0.0,0.0,579.8,71.78,78.78,0,30,0,0,0,114,0
281,ESTABILIZANDO,,28.83,25.0,30.0,4.47,5.0,30.0,25.0,0.0,0.0,579.8,71.78,78.78,0,30,0,0,0,114,0
282,ESTABILIZANDO,,28.83,25.0,30.0,4.47,5.0,30.0,25.0,0.0,0.0,579.8,71.78,78.78,0,30,0,0,0,114,0
283,ESTABILIZANDO,,28.83,25.0,30.0,4.47,5.0,30.0,25.0,0.0,0.0,579.8,71.78,78.78,0,30,0,0,0,114,0
284,ESTABILIZANDO,,28.83,25.0,30.0,4.47,5.0,30.0,25.0,0.0,0.0,579.8,71.78,78.78,0,30,0,0,0,114,0
285,ESTABILIZANDO,,28.83,25.0,30.0,4.47,5.0,30.0,25.0,0.0,0.0,579.8,71.78,78.78,0,30,0,0,0,114,0
286,ESTABILIZANDO,,28.83,25.0,30.0,4.47,5.0,30.0,25.0,0.0,0.0,579.8,71.78,78.78,0,30,0,0,0,114,0
287,ESTABILIZANDO,,28.83,25.0,30.0,4.47,5.0,30.0,25.0,0.0,0.0,579.8,71.78,78.78,0,30,0,0,0,114,0
288,ESTABILIZANDO,,28.83,25.0,30.0,4.47,5.0,30.0,25.0,0.0,0.0,579.8,71.78,78.78,0,30,0,0,0,114,0
289,ESTABILIZANDO,,28.83,25.0,30.0,4.47,5.0,30.0,25.0,0.0,0.0,579.8,71.78,78.78,0,30,0,0,0,114,0
290,ESTABILIZANDO,,28.83,25.0,30.0,4.47,5.0,30.0,25.0,0.0,0.0,579.8,71.78,78.78,0,30,0,0,0,114,0
291,ESTABILIZANDO,,28.83,25.0,30.0,4.47,5.0,30.0,25.0,0.0,0.0,579.8,71.78,78.78,0,30,0,0,0,114,0
292,ESTABILIZANDO,,28.83,25.0,30.0,4.47,5.0,30.0,25.0,0.0,0.0,579.8,71.78,78.78,0,30,0,0,0,114,0
293,ESTABILIZANDO,,28.83,25.0,30.0,4.47,5.0,30.0,25.0,0.0,0.0,579.8,71.78,78.78,0,30,0,0,0,114,0
294,ESTABILIZANDO,,28.83,25.0,30.0,4.47,5.0,30.0,25.0,0.0,0.0,579.8,71.78,78.78,0,30,0,0,0,114,0
295,ESTABILIZANDO,,28.83,25.0,30.0,4.47,5.0,30.0,25.0,0.0,0.0,579.8,71.78,78.78,0,30,0,0,0,114,0
296,ESTABILIZANDO,,28.83,25.0,30.0,4.47,5.0,30.0,25.0,0.0,0.0,579.8,71.78,78.78,0,30,0,0,0,114,0
297,ESTABILIZANDO,,28.83,25.0,30.0,4.47,5.0,30.0,25.0,0.0,0.0,579.8,71.78,78.78,0,30,0,0,0,114,0
298,ESTABILIZANDO,,28.83,25.0,30.0,4.47,5.0,30.0,25.0,0.0,0.0,579.8,71.78,78.78,0,30,0,0,0,114,0
299,ESTABILIZANDO,,28.83,25.0,30.0,4.47,5.0,30.0,25.0,0.0,0.0,579.8,71.78,78.78,0,30,0,0,0,114,0
300,ESTABILIZANDO,,28.83,25.0,30.0,4.47,5.0,30.0,25.0,0.0,0.0,579.8,71.78,78.78,0,30,0,0,0,114,0
